Source File	Size	loadResources	load	generateSnapshots	load-configure	scan	loadDepInfo	loadInfo	checkR4R4B	generateNarratives	validate	loadLists	checkConformanceResources	checkConformanceResources2	checkConformanceResources3	generateLogicalMaps	validateExpressions	scanForUsageStats	checkURLsUnique	processProvenanceDetails	generate1	generate2	responsesForQuestionnaire	generateLogicals	makeDependencies	generateExampleZip	generateValidationPack	scanProfilesForR5	scanExamplesForR5
/fsh-generated/resources/ImplementationGuide-ihris.json	48361	-	0	0	0	0	0	0	20	178	0	0	0	0	0	0	0	1	0	0	193	236	0	0	0	0	18	0	7
fsh-generated/resources/Basic-ihris-es-report-mhero-send-message.json	3284	6	0	0	0	0	0	0	1	48	0	0	0	0	0	0	0	0	0	0	13	12	0	0	0	0	0	0	1
fsh-generated/resources/Basic-ihris-es-report-staff-directorate.json	4931	4	0	0	0	0	0	0	1	21	0	0	0	0	0	0	0	0	0	0	13	8	0	0	0	0	0	0	1
fsh-generated/resources/Basic-ihris-page-auditevent.json	3040	2	0	0	0	0	0	0	1	53	0	0	0	0	0	0	0	0	0	0	10	8	0	0	0	0	0	0	0
fsh-generated/resources/Basic-ihris-page-role.json	3849	4	0	0	0	0	0	0	1	27	0	0	0	0	0	0	0	0	0	0	10	10	0	0	0	0	0	0	0
fsh-generated/resources/Basic-ihris-page-task.json	3491	3	0	0	0	0	0	0	0	14	0	0	0	0	0	0	0	0	0	0	10	8	0	0	0	0	0	0	1
fsh-generated/resources/Basic-ihris-page-test-codesystem.json	1659	2	0	0	0	0	0	0	0	1	0	0	0	0	0	0	0	0	0	0	6	6	0	0	0	0	0	0	0
fsh-generated/resources/Basic-ihris-page-test-practitioner.json	4725	4	0	0	0	0	0	0	1	10	0	0	0	0	0	0	0	0	0	0	14	10	0	0	0	0	0	0	1
fsh-generated/resources/Basic-ihris-role-admin.json	938	1	0	0	0	0	0	0	0	1	0	0	0	0	0	0	0	0	0	0	6	6	0	0	0	0	0	0	0
fsh-generated/resources/Basic-ihris-role-open.json	1309	2	0	0	0	0	0	0	1	2	0	0	0	0	0	0	0	1	0	0	6	8	0	0	0	0	0	0	0
fsh-generated/resources/Basic-ihris-role-self.json	4550	3	0	0	0	0	0	0	0	6	0	0	0	0	0	0	0	0	0	0	13	26	0	0	0	0	0	0	0
fsh-generated/resources/Basic-ihris-task-all-permissions-to-everything.json	774	1	0	0	0	0	0	0	0	5	0	0	0	0	0	0	0	0	0	0	5	3	0	0	0	0	0	0	0
fsh-generated/resources/Basic-ihris-task-navigation-evaluation.json	857	1	0	0	0	0	0	0	0	2	0	0	0	0	0	0	0	0	0	0	4	4	0	0	0	0	0	0	0
fsh-generated/resources/Basic-ihris-task-navigation-leave.json	849	2	0	0	0	0	0	0	1	1	0	0	0	0	0	0	0	0	0	0	5	4	0	0	0	0	0	0	0
fsh-generated/resources/Basic-ihris-task-navigation-password.json	851	1	0	0	0	0	0	0	0	1	0	0	0	0	0	0	0	0	0	0	4	4	0	0	0	0	0	0	0
fsh-generated/resources/Basic-ihris-task-navigation-profile.json	848	1	0	0	0	0	0	0	0	1	0	0	0	0	0	0	0	0	0	0	5	4	0	0	0	0	0	0	0
fsh-generated/resources/Basic-ihris-task-read-auditevent-resource.json	776	1	0	0	0	0	0	0	0	2	0	0	0	0	0	0	0	0	0	0	4	3	0	0	0	0	0	0	1
fsh-generated/resources/Basic-ihris-task-read-basic-resource.json	761	1	0	0	0	0	0	0	0	1	0	0	0	0	0	0	0	0	0	0	5	4	0	0	0	0	0	0	0
fsh-generated/resources/Basic-ihris-task-read-code-system.json	760	1	0	0	0	0	0	0	0	1	0	0	0	0	0	0	0	0	0	0	4	3	0	0	0	0	0	0	0
fsh-generated/resources/Basic-ihris-task-read-document-reference.json	906	2	1	0	0	0	0	0	0	1	0	0	0	0	0	0	0	0	0	0	5	3	0	0	0	0	0	0	0
fsh-generated/resources/Basic-ihris-task-read-ihris-page-practitioner-role.json	1455	1	0	0	0	0	0	0	1	1	0	0	0	0	0	0	0	0	0	0	6	12	0	0	0	0	0	0	0
fsh-generated/resources/Basic-ihris-task-read-ihris-page-practitioner.json	1424	1	0	0	0	0	0	0	0	2	0	0	0	0	0	0	0	0	0	0	5	8	0	0	0	0	0	0	0
fsh-generated/resources/Basic-ihris-task-read-location-resource.json	770	1	0	0	0	0	0	0	0	1	0	0	0	0	0	0	0	0	0	0	3	3	0	0	0	0	0	0	0
fsh-generated/resources/Basic-ihris-task-read-organization-resource.json	782	1	0	0	0	0	0	0	0	1	0	0	0	0	0	0	0	0	0	0	4	3	0	0	0	0	0	0	0
fsh-generated/resources/Basic-ihris-task-read-person-resource.json	764	1	0	0	0	0	0	0	0	0	0	0	0	0	0	0	0	0	0	0	3	4	0	0	0	0	0	0	0
fsh-generated/resources/Basic-ihris-task-read-practitioner-resource.json	782	1	0	0	0	0	0	0	0	1	0	0	0	0	0	0	0	0	0	0	4	3	0	0	0	0	0	0	0
fsh-generated/resources/Basic-ihris-task-read-practitioner-role-resource.json	796	1	0	0	0	0	0	0	1	1	0	0	0	0	0	0	0	0	0	0	3	3	0	0	0	0	0	0	0
fsh-generated/resources/Basic-ihris-task-read-questionnaire-leave.json	1046	1	0	0	0	0	0	0	0	2	0	0	0	0	0	0	0	0	0	0	6	7	0	0	0	0	0	0	0
fsh-generated/resources/Basic-ihris-task-read-questionnaire-resource.json	785	1	0	0	0	0	0	0	0	1	0	0	0	0	0	0	0	0	0	0	4	4	0	0	0	0	0	0	0
fsh-generated/resources/Basic-ihris-task-read-questionnaire-response-resource.json	811	1	0	0	0	0	0	0	0	1	0	0	0	0	0	0	0	0	0	0	4	3	0	0	0	0	0	0	0
fsh-generated/resources/Basic-ihris-task-read-structure-definition.json	787	1	0	0	0	0	0	0	0	1	0	0	0	0	0	0	0	0	0	0	3	3	0	0	0	0	0	0	0
fsh-generated/resources/Basic-ihris-task-read-value-set.json	754	1	0	0	0	0	0	0	0	0	0	0	0	0	0	0	0	0	0	0	4	3	0	0	0	0	0	0	0
fsh-generated/resources/Basic-ihris-task-write-auditevent-resource.json	964	2	0	0	0	0	0	0	0	3	0	0	0	0	0	0	0	0	0	0	3	7	0	0	0	0	0	0	0
fsh-generated/resources/Basic-ihris-task-write-basic-resource.json	944	1	0	0	0	0	0	0	0	1	0	0	0	0	0	0	0	0	0	0	4	7	0	0	0	0	0	1	1
fsh-generated/resources/Basic-ihris-task-write-code-system.json	940	1	0	0	0	0	0	0	0	1	0	0	0	0	0	0	0	0	0	0	4	6	0	0	0	0	0	0	0
fsh-generated/resources/Basic-ihris-task-write-document-reference.json	1093	1	0	0	0	0	0	0	1	1	0	0	0	0	0	0	0	0	0	0	4	7	0	0	0	0	0	0	0
fsh-generated/resources/Basic-ihris-task-write-location-resource.json	956	1	0	0	0	0	0	0	0	2	0	0	0	0	0	0	0	0	0	0	4	7	0	0	0	0	0	0	0
fsh-generated/resources/Basic-ihris-task-write-organization-resource.json	972	1	0	0	0	0	0	0	0	1	0	0	0	0	0	0	0	0	0	0	4	9	0	0	0	0	0	0	0
fsh-generated/resources/Basic-ihris-task-write-person-resource.json	948	1	0	0	0	0	0	0	0	1	0	0	0	0	0	0	0	0	0	0	4	7	0	0	0	0	0	0	0
fsh-generated/resources/Basic-ihris-task-write-practitioner-resource.json	972	1	0	0	0	0	0	0	0	1	0	0	0	0	0	0	0	0	0	0	5	5	0	0	0	0	0	0	0
fsh-generated/resources/Basic-ihris-task-write-practitioner-role-resource.json	991	2	0	0	0	0	0	0	0	1	0	0	0	0	0	0	0	0	0	0	6	5	0	0	0	0	0	0	0
fsh-generated/resources/Basic-ihris-task-write-questionnaire-change-password.json	881	1	0	0	0	0	0	0	0	1	0	0	0	0	0	0	0	0	0	0	5	3	0	0	0	0	0	0	0
fsh-generated/resources/Basic-ihris-task-write-questionnaire-leave.json	1049	1	0	0	0	0	0	0	1	1	0	0	0	0	0	0	0	0	0	0	4	6	0	0	0	0	0	0	0
fsh-generated/resources/Basic-ihris-task-write-questionnaire-resource.json	976	1	0	0	1	0	0	0	0	1	0	0	0	0	0	0	0	0	0	0	6	5	0	0	0	0	0	0	0
fsh-generated/resources/Basic-ihris-task-write-questionnaire-response-resource.json	1011	1	0	0	0	0	0	0	0	1	0	0	0	0	0	0	0	0	0	0	5	4	0	0	0	0	0	0	0
fsh-generated/resources/Basic-ihris-task-write-structure-definition.json	976	1	0	0	0	0	0	0	0	1	0	0	0	0	0	0	0	0	0	0	5	5	0	0	0	0	0	0	0
fsh-generated/resources/Basic-ihris-task-write-value-set.json	932	1	0	0	0	0	0	0	0	1	0	0	0	0	0	0	0	0	0	0	3	5	0	0	0	0	0	0	0
fsh-generated/resources/Basic-ihris-task-write-valueset-resource.json	939	2	0	0	0	0	0	0	0	1	0	0	0	0	0	0	0	0	0	0	5	9	0	0	0	0	0	0	0
fsh-generated/resources/Bundle-Country.json	278478	40	48	0	0	0	0	0	29	619	0	0	0	0	0	0	0	4	0	0	560	597	0	0	0	0	0	0	2
fsh-generated/resources/CodeSystem-2103.json	81897	12	0	0	1	0	0	0	8	57	0	0	1	0	0	0	0	1	0	0	146	310	0	0	0	0	13	0	1
fsh-generated/resources/CodeSystem-3654.json	17126	5	0	0	1	0	0	0	3	10	0	0	0	0	0	0	0	0	0	0	29	147	0	0	0	0	2	0	1
fsh-generated/resources/CodeSystem-ISO3166Part1.json	17313	6	0	0	0	0	0	0	3	21	0	0	0	0	0	0	0	0	0	0	48	219	0	0	0	0	3	0	0
fsh-generated/resources/CodeSystem-address-type.json	1929	2	0	0	0	0	0	0	0	6	0	0	0	0	0	0	0	0	0	0	7	100	0	0	0	0	1	0	0
fsh-generated/resources/CodeSystem-address-use.json	2260	1	0	0	0	0	0	0	1	3	0	0	0	0	0	0	0	0	0	0	8	91	0	0	0	0	0	0	0
fsh-generated/resources/CodeSystem-administrative-gender.json	1576	1	0	0	0	0	0	0	0	1	0	0	0	0	0	0	0	0	0	0	9	89	0	0	0	0	0	0	0
fsh-generated/resources/CodeSystem-contact-point-system.json	3222	1	0	0	0	0	0	0	0	3	0	0	0	0	0	0	0	0	0	0	10	85	0	0	0	0	1	0	0
fsh-generated/resources/CodeSystem-contact-point-use.json	2662	1	0	0	0	0	0	0	0	3	0	0	0	0	0	0	0	0	0	0	8	93	0	0	0	0	0	0	0
fsh-generated/resources/CodeSystem-contactentity-type.json	2420	2	0	0	0	0	0	0	1	3	0	0	0	0	0	0	0	0	0	0	29	97	0	0	0	0	1	0	0
fsh-generated/resources/CodeSystem-currencies.json	13335	3	0	0	0	0	0	0	2	13	0	0	0	0	0	0	0	1	0	0	50	165	0	0	0	0	2	0	0
fsh-generated/resources/CodeSystem-days-of-week.json	2149	1	0	0	0	0	0	0	0	4	0	0	0	0	0	0	0	0	0	0	9	89	0	0	0	0	0	0	1
fsh-generated/resources/CodeSystem-identifier-use.json	2657	1	0	0	0	0	0	0	0	3	0	0	0	0	0	0	0	0	0	0	10	85	0	0	0	0	1	0	0
fsh-generated/resources/CodeSystem-ihris-cadre.json	833	1	0	0	0	0	0	0	1	1	0	0	0	0	0	0	0	0	0	0	5	84	0	0	0	0	0	0	0
fsh-generated/resources/CodeSystem-ihris-classification.json	1348	1	0	0	0	0	0	0	0	2	0	0	0	0	0	0	0	0	0	0	8	82	0	0	0	0	0	0	0
fsh-generated/resources/CodeSystem-ihris-document-category.json	540	1	0	0	0	0	0	0	0	1	0	0	0	0	0	0	0	0	0	0	5	77	0	0	0	0	0	0	0
fsh-generated/resources/CodeSystem-ihris-job.json	42883	4	0	0	0	0	0	0	4	23	0	0	0	0	0	0	0	0	0	0	92	122	0	0	0	0	4	0	0
fsh-generated/resources/CodeSystem-ihris-resource-codesystem.json	1565	1	0	0	0	0	0	0	0	3	0	0	0	0	0	0	0	0	0	0	9	80	0	0	0	0	0	0	0
fsh-generated/resources/CodeSystem-ihris-salary-grade.json	1992	1	0	0	0	0	0	0	1	3	0	0	0	0	0	0	0	0	0	0	9	90	0	0	0	0	0	0	0
fsh-generated/resources/CodeSystem-ihris-task-permission.json	1038	1	0	0	0	0	0	0	0	1	0	0	0	0	0	0	0	0	0	0	6	83	0	0	0	0	1	0	0
fsh-generated/resources/CodeSystem-ihris-task-resource.json	1675	1	0	0	0	0	0	0	0	2	0	0	0	0	0	0	0	0	0	0	9	85	0	0	0	0	0	0	0
fsh-generated/resources/CodeSystem-ihris-test-codesystem.json	734	1	0	0	0	0	0	0	0	4	0	0	0	0	0	0	0	0	0	0	6	81	0	0	0	0	0	0	0
fsh-generated/resources/CodeSystem-location-mode.json	1921	1	0	0	0	0	0	0	1	3	0	0	0	0	0	0	0	0	0	0	8	62	0	0	0	0	1	0	1
fsh-generated/resources/CodeSystem-location-physical-type.json	4039	1	0	0	0	0	0	0	0	3	0	0	0	0	0	0	0	0	0	0	13	70	0	0	0	0	0	0	0
fsh-generated/resources/CodeSystem-location-status.json	1769	1	0	0	0	0	0	0	0	3	0	0	0	0	0	0	0	0	0	0	7	67	0	0	0	0	0	0	0
fsh-generated/resources/CodeSystem-name-use.json	3058	1	0	0	0	0	0	0	0	3	0	0	0	0	0	0	0	1	0	0	11	72	0	0	0	0	1	0	0
fsh-generated/resources/CodeSystem-organization-type.json	3722	1	0	0	0	0	0	0	1	3	0	0	0	0	0	0	0	0	0	0	16	75	0	0	0	0	0	0	0
fsh-generated/resources/CodeSystem-service-category.json	5838	2	0	0	0	0	0	0	1	5	0	0	0	0	0	0	0	0	0	0	19	93	0	0	0	0	1	0	0
fsh-generated/resources/CodeSystem-service-provision-conditions.json	1944	1	0	0	1	0	0	0	0	3	0	0	0	0	0	0	0	0	0	0	8	64	0	0	0	0	0	0	0
fsh-generated/resources/CodeSystem-service-type.json	69446	10	0	0	0	0	0	0	10	55	0	0	1	0	0	0	0	1	0	0	186	194	0	0	0	0	15	0	1
fsh-generated/resources/CodeSystem-snomedct.json	12643	3	0	0	0	0	0	0	2	50	0	0	0	0	0	0	0	0	0	0	28	150	0	0	0	0	2	0	0
fsh-generated/resources/CodeSystem-v3-RoleCode.json	134598	9	0	0	0	0	0	0	8	65	0	0	0	0	0	0	0	1	0	0	250	166	0	0	0	0	20	0	14
fsh-generated/resources/DocumentReference-page-about.json	683	2	0	0	0	0	0	0	0	7	0	0	0	0	0	0	0	0	0	0	5	7	0	0	0	0	0	0	0
fsh-generated/resources/DocumentReference-page-home.json	661	1	0	0	0	0	0	0	0	3	0	0	0	0	0	0	0	0	0	0	3	2	0	0	0	0	0	0	0
fsh-generated/resources/Library-ihris-module-example.json	744	1	0	0	0	0	0	0	0	26	0	0	0	0	0	0	0	0	0	0	6	3	0	0	0	0	0	0	0
fsh-generated/resources/Parameters-ihris-dashboard.json	1409	1	0	0	0	0	0	0	1	1	0	0	0	0	0	0	0	0	0	0	5	7	0	0	0	0	0	0	0
fsh-generated/resources/Questionnaire-ihris-role.json	2249	1	0	0	0	0	0	0	0	547	0	0	0	0	0	0	0	0	0	0	26	16	0	0	0	0	1	0	0
fsh-generated/resources/Questionnaire-ihris-task.json	3553	1	0	0	0	0	0	0	0	24	0	0	0	0	0	0	0	0	0	0	39	19	0	0	0	0	1	0	1
fsh-generated/resources/Questionnaire-ihris-test.json	8439	1	0	0	0	0	0	0	1	65	0	0	0	0	0	0	0	0	0	0	78	36	0	0	0	0	1	0	0
fsh-generated/resources/SearchParameter-active-user.json	444	1	0	0	0	0	0	0	0	4	0	0	0	0	0	0	0	0	0	0	5	5	0	0	0	0	1	0	0
fsh-generated/resources/SearchParameter-basic-location-constraint.json	551	0	0	0	0	0	0	0	0	2	0	0	0	0	0	0	0	0	0	0	6	4	0	0	0	0	0	0	0
fsh-generated/resources/SearchParameter-basic-name.json	562	1	0	0	0	0	0	0	0	2	0	0	0	0	0	0	0	0	0	0	4	4	0	0	0	0	0	0	0
fsh-generated/resources/SearchParameter-basic-practitioner.json	668	1	0	0	0	0	0	0	0	1	0	0	0	0	0	0	0	0	0	0	7	4	0	0	0	0	0	0	0
fsh-generated/resources/SearchParameter-basic-related-location.json	651	0	0	0	0	0	0	0	0	2	0	0	0	0	0	0	0	0	0	0	6	5	0	0	0	0	0	0	0
fsh-generated/resources/SearchParameter-basic-related-practitioner.json	562	1	0	0	0	0	0	0	0	1	0	0	0	0	0	0	0	0	0	0	6	4	0	0	0	0	0	0	0
fsh-generated/resources/SearchParameter-employment-status-search.json	706	1	0	0	0	0	0	0	1	2	0	0	0	0	0	0	0	0	0	0	5	4	0	0	0	0	0	0	0
fsh-generated/resources/SearchParameter-gofr-search-isbroadcast.json	676	0	0	0	0	0	0	0	0	1	0	0	0	0	0	0	0	0	0	0	5	4	0	0	0	0	1	0	0
fsh-generated/resources/SearchParameter-gofr-search-isflowstart.json	648	1	0	0	0	0	0	0	0	2	0	0	0	0	0	0	0	0	0	0	4	5	0	0	0	0	0	0	0
fsh-generated/resources/SearchParameter-job-search.json	440	1	0	0	0	0	0	0	0	1	0	0	0	0	0	0	0	0	0	0	4	4	0	0	0	0	0	0	0
fsh-generated/resources/SearchParameter-leaveperiod-search.json	657	0	0	0	0	0	0	0	0	1	0	0	0	0	0	0	0	0	0	0	5	4	0	0	0	0	0	0	0
fsh-generated/resources/SearchParameter-leavetype-search.json	658	1	0	0	0	0	0	0	0	2	0	0	0	0	0	0	0	0	0	0	5	5	0	0	0	0	0	0	0
fsh-generated/resources/SearchParameter-location-related-location.json	669	1	0	0	0	0	0	0	0	13	0	0	0	0	0	0	0	0	0	0	5	4	0	0	0	0	0	0	0
fsh-generated/resources/SearchParameter-performanceperiod-search.json	681	0	0	0	0	0	0	0	0	1	0	0	0	0	0	0	0	0	0	0	5	5	0	0	0	0	0	0	0
fsh-generated/resources/SearchParameter-position-status-search.json	692	1	0	0	0	0	0	0	0	2	0	0	0	0	0	0	0	0	0	0	6	4	0	0	0	0	1	0	0
fsh-generated/resources/SearchParameter-practitioner-birthdate.json	451	1	0	0	0	0	0	0	0	1	0	0	0	0	0	0	0	0	0	0	4	5	0	0	0	0	0	0	0
fsh-generated/resources/SearchParameter-practitioner-employeeNumber.json	508	0	0	0	0	0	0	0	0	1	0	0	0	0	0	0	0	0	0	0	6	5	0	0	0	0	0	0	0
fsh-generated/resources/SearchParameter-practitioner-phone.json	570	1	0	0	1	0	0	0	0	14	0	0	0	0	0	0	0	0	0	0	5	5	0	0	0	0	0	0	0
fsh-generated/resources/SearchParameter-practitioner-related-location.json	693	1	0	0	0	0	0	0	1	3	0	0	0	0	0	0	0	0	0	0	7	4	0	0	0	0	0	0	0
fsh-generated/resources/SearchParameter-practitioner-related-practitioner.json	597	1	0	0	0	0	0	0	0	1	0	0	0	0	0	0	0	0	0	0	6	4	0	0	0	0	0	0	0
fsh-generated/resources/SearchParameter-practitioner-renewrole.json	513	0	0	0	0	0	0	0	0	2	0	0	0	0	0	0	0	1	0	0	5	4	0	0	0	0	0	0	0
fsh-generated/resources/SearchParameter-practitionerrole-related-location.json	717	1	0	0	0	0	0	0	0	1	0	0	0	0	0	0	0	0	0	0	6	4	0	0	0	0	1	0	0
fsh-generated/resources/SearchParameter-practitionerrole-related-practitioner.json	617	1	0	0	0	0	0	0	0	1	0	0	0	0	0	0	0	0	0	0	6	5	0	0	0	0	0	0	0
fsh-generated/resources/StructureDefinition-ContactPoint.json	18630	3	0	17	0	0	0	0	0	25	0	0	1	0	0	0	0	0	0	0	41	563	0	0	0	0	2	0	1
fsh-generated/resources/StructureDefinition-composite-task.json	1509	1	0	18	0	0	0	0	0	11	0	0	0	0	0	0	0	0	0	0	37	174	0	0	0	0	1	0	0
fsh-generated/resources/StructureDefinition-iHRISRelationship.json	1658	0	0	64	0	0	0	0	0	14	0	0	0	0	0	0	0	0	0	0	44	135	0	0	0	0	2	0	0
fsh-generated/resources/StructureDefinition-iHRISReportDetails.json	9891	2	0	21	0	0	0	0	1	37	0	0	0	0	0	0	0	1	0	0	172	230	0	0	0	0	7	0	1
fsh-generated/resources/StructureDefinition-iHRISReportElement.json	8311	2	0	22	0	0	0	0	0	32	0	0	0	0	0	0	0	1	0	0	162	269	0	0	0	0	6	0	2
fsh-generated/resources/StructureDefinition-iHRISReportLink.json	7467	2	0	17	0	0	0	0	0	25	0	0	0	0	0	0	0	1	0	0	137	179	0	0	0	1	6	1	1
fsh-generated/resources/StructureDefinition-iHRISReportParameters.json	2593	1	0	8	0	0	0	0	0	10	0	0	0	0	0	0	0	0	0	0	53	103	0	0	0	0	2	0	0
fsh-generated/resources/StructureDefinition-ihris-assign-role.json	1643	1	0	9	0	0	0	0	0	8	0	0	0	0	0	0	0	1	0	0	37	85	0	0	0	0	2	0	0
fsh-generated/resources/StructureDefinition-ihris-assign-task.json	1576	1	0	9	0	0	0	0	0	7	0	0	0	0	0	0	0	0	0	0	35	89	0	0	0	0	1	0	0
fsh-generated/resources/StructureDefinition-ihris-auditevent.json	3401	1	0	40	0	0	0	0	0	25	0	0	0	0	0	0	0	1	0	0	154	209	0	0	0	0	8	0	2
fsh-generated/resources/StructureDefinition-ihris-basic-name.json	1303	1	0	12	0	0	0	0	0	6	0	0	1	0	0	0	0	0	0	0	22	79	0	0	0	0	1	0	0
fsh-generated/resources/StructureDefinition-ihris-dashboard-visualization.json	7457	1	0	28	0	0	0	0	0	21	0	0	0	0	0	0	0	1	0	0	137	139	0	0	0	0	5	0	1
fsh-generated/resources/StructureDefinition-ihris-dashboard.json	1954	1	0	17	0	0	0	0	0	10	0	0	0	0	0	0	0	0	0	0	51	101	0	0	0	0	3	1	0
fsh-generated/resources/StructureDefinition-ihris-data-visualization.json	4011	1	0	53	0	0	0	0	2	10	0	0	0	0	0	0	0	1	0	0	70	136	0	0	0	0	3	0	0
fsh-generated/resources/StructureDefinition-ihris-document.json	1982	1	0	47	0	0	0	0	0	15	0	0	0	0	0	0	0	1	0	0	123	194	0	0	0	0	6	0	1
fsh-generated/resources/StructureDefinition-ihris-module.json	3098	2	0	45	0	0	0	0	0	16	0	0	0	0	0	0	0	1	0	0	137	160	0	0	0	0	7	0	1
fsh-generated/resources/StructureDefinition-ihris-page-display.json	22099	3	0	80	0	0	0	0	0	64	0	0	0	0	0	0	0	2	0	0	434	492	0	0	0	0	17	0	2
fsh-generated/resources/StructureDefinition-ihris-page-section.json	20362	3	0	61	0	0	0	0	1	46	0	0	1	0	0	0	0	2	0	0	373	483	0	0	0	0	13	1	3
fsh-generated/resources/StructureDefinition-ihris-page-task.json	4023	1	0	16	0	0	0	0	0	8	0	0	0	0	0	0	0	1	0	0	80	154	0	0	0	0	4	0	0
fsh-generated/resources/StructureDefinition-ihris-page.json	2293	2	0	16	0	0	0	0	0	6	0	0	0	0	0	0	0	0	0	0	55	178	0	0	0	0	2	0	0
fsh-generated/resources/StructureDefinition-ihris-parameters-local-config.json	8618	2	0	52	0	0	0	0	0	31	0	0	0	0	0	0	0	2	0	0	257	397	0	0	0	0	14	0	2
fsh-generated/resources/StructureDefinition-ihris-parameters-remote-config.json	4057	1	0	24	0	0	0	0	0	21	0	0	0	0	0	0	0	1	0	0	126	230	0	0	0	0	5	0	1
fsh-generated/resources/StructureDefinition-ihris-questionnaire.json	5376	2	0	68	0	0	0	0	0	39	0	0	0	0	0	0	0	3	0	0	381	744	0	0	1	0	20	1	3
fsh-generated/resources/StructureDefinition-ihris-report.json	1240	1	0	13	0	0	0	0	0	5	0	0	0	0	0	0	0	0	0	0	39	122	0	0	0	0	2	0	0
fsh-generated/resources/StructureDefinition-ihris-resource-relationships.json	4366	1	0	13	0	0	0	0	0	8	0	0	1	0	0	0	0	1	0	0	83	132	0	0	0	0	3	0	1
fsh-generated/resources/StructureDefinition-ihris-role-primary.json	1336	1	0	6	0	0	0	0	0	3	0	0	0	0	0	0	0	0	0	0	22	85	0	0	0	0	1	0	0
fsh-generated/resources/StructureDefinition-ihris-role.json	2725	1	0	11	0	0	0	0	0	7	0	0	0	0	0	0	0	1	0	0	66	130	0	0	0	0	3	0	0
fsh-generated/resources/StructureDefinition-ihris-task.json	4351	1	0	24	0	0	0	0	0	18	0	0	0	0	0	0	0	0	0	0	128	211	0	0	0	0	6	0	1
fsh-generated/resources/StructureDefinition-ihris-test-dependent.json	3686	1	0	12	0	0	0	0	0	8	0	0	0	0	0	0	0	1	0	0	67	130	0	0	0	0	2	0	0
fsh-generated/resources/StructureDefinition-ihris-test-practitioner-role.json	3402	1	0	21	0	0	0	0	0	25	0	0	0	0	0	0	0	1	0	0	125	194	0	0	0	0	9	1	1
fsh-generated/resources/StructureDefinition-ihris-test-practitioner.json	3980	1	0	77	0	0	0	0	0	10	0	0	0	0	0	0	0	1	0	0	121	231	0	0	0	0	11	0	1
fsh-generated/resources/StructureDefinition-ihris-test-residence.json	2055	1	0	7	0	0	0	0	1	5	0	0	0	0	0	0	0	0	0	0	43	104	0	0	0	0	2	0	0
fsh-generated/resources/StructureDefinition-ihris-visualization-categories.json	4453	1	0	8	1	0	0	0	0	12	0	0	0	0	0	0	0	0	0	0	81	142	0	0	0	0	3	0	1
fsh-generated/resources/StructureDefinition-ihris-visualization-dataset.json	2696	1	0	7	0	0	0	0	0	9	0	0	0	0	0	0	0	1	0	0	52	127	0	0	0	0	2	0	0
fsh-generated/resources/StructureDefinition-ihris-visualization-filters.json	1369	1	0	4	0	0	0	0	0	6	0	0	0	0	0	0	0	0	0	0	23	87	0	0	0	0	1	0	0
fsh-generated/resources/StructureDefinition-ihris-visualization-permissions.json	2024	1	0	6	0	0	0	0	0	5	0	0	0	0	0	0	0	0	0	0	39	98	0	0	0	0	2	0	0
fsh-generated/resources/StructureDefinition-ihris-visualization-series.json	5165	2	0	8	0	0	0	0	0	10	0	0	0	0	0	0	0	0	0	0	95	155	0	0	0	0	12	0	1
fsh-generated/resources/StructureDefinition-ihris-visualization-settings.json	1432	0	0	5	0	0	0	0	0	6	0	0	0	0	0	0	0	1	0	0	24	88	0	0	0	0	1	0	0
fsh-generated/resources/StructureDefinition-task-attributes.json	5385	2	0	8	0	0	0	0	0	10	0	0	0	0	0	0	0	0	0	0	96	144	0	0	0	0	4	0	1
fsh-generated/resources/ValueSet-address-type.json	1611	1	0	0	0	0	0	0	0	30	0	0	0	0	0	0	0	0	0	0	7	120	0	0	0	0	1	0	0
fsh-generated/resources/ValueSet-address-use.json	1585	1	0	0	0	0	0	0	0	4	0	0	0	0	0	0	0	0	0	0	5	97	0	0	0	0	0	0	0
fsh-generated/resources/ValueSet-administrative-gender.json	1568	0	0	0	0	0	0	0	0	3	0	0	0	0	0	0	0	0	0	0	5	103	0	0	0	0	0	0	0
fsh-generated/resources/ValueSet-c80-practice-codes.json	14279	2	0	0	0	0	0	0	2	19	0	0	0	0	0	0	0	0	0	0	29	117	0	0	0	0	2	0	0
fsh-generated/resources/ValueSet-contact-point-system.json	1648	1	0	0	0	0	0	0	0	4	0	0	0	0	0	0	0	0	0	0	7	103	0	0	0	0	0	0	0
fsh-generated/resources/ValueSet-contact-point-use.json	1612	1	0	0	0	0	0	0	0	2	0	0	0	0	0	0	0	0	0	0	6	99	0	0	0	0	0	0	0
fsh-generated/resources/ValueSet-contactentity-type.json	1522	1	0	0	0	0	0	0	0	2	0	0	0	0	0	0	0	0	0	0	5	97	0	0	0	0	1	0	0
fsh-generated/resources/ValueSet-currencies.json	18983	2	0	0	0	0	0	0	3	23	0	0	0	0	0	0	0	1	0	0	40	174	0	0	0	0	2	0	0
fsh-generated/resources/ValueSet-days-of-week.json	1588	0	0	0	0	0	0	0	0	2	0	0	0	0	0	0	0	0	0	0	6	92	0	0	0	0	0	0	1
fsh-generated/resources/ValueSet-identifier-type.json	2794	1	0	0	0	0	0	0	0	5	0	0	0	0	0	0	0	0	0	0	15	94	0	0	0	0	1	0	0
fsh-generated/resources/ValueSet-identifier-use.json	1632	1	0	0	0	0	0	0	1	1	0	0	0	0	0	0	0	0	0	0	6	77	0	0	0	0	0	0	0
fsh-generated/resources/ValueSet-ihris-cadre.json	607	1	0	0	0	0	0	0	0	1	0	0	0	0	0	0	0	0	0	0	3	91	0	0	0	0	0	0	0
fsh-generated/resources/ValueSet-ihris-classification.json	661	1	0	0	0	0	0	0	0	1	0	0	0	0	0	0	0	0	0	0	4	92	0	0	0	0	1	0	0
fsh-generated/resources/ValueSet-ihris-document-category.json	387	1	0	0	0	0	0	0	0	1	0	0	0	0	0	0	0	0	0	0	5	75	0	0	0	0	0	0	0
fsh-generated/resources/ValueSet-ihris-job.json	617	0	0	0	0	0	0	0	0	1	0	0	0	0	0	0	0	0	0	0	5	69	0	0	0	0	0	0	0
fsh-generated/resources/ValueSet-ihris-resource-valueset.json	381	1	0	0	0	0	0	0	0	1	0	0	0	0	0	0	0	0	0	0	3	65	0	0	0	0	0	0	0
fsh-generated/resources/ValueSet-ihris-salary-grade.json	647	1	0	0	0	0	0	0	0	0	0	0	0	0	0	0	0	0	0	0	4	64	0	0	0	0	0	0	0
fsh-generated/resources/ValueSet-ihris-task-permission.json	436	0	0	0	0	0	0	0	0	1	0	0	0	0	0	0	0	0	0	0	5	63	0	0	0	0	0	0	0
fsh-generated/resources/ValueSet-ihris-task-resource.json	428	1	0	0	0	0	0	0	0	1	0	0	0	0	0	0	0	0	0	0	5	63	0	0	0	0	1	0	0
fsh-generated/resources/ValueSet-iso3166-1-2.json	22834	2	0	0	0	0	0	0	3	71	0	0	0	0	0	0	0	0	0	0	46	101	0	0	0	0	3	0	0
fsh-generated/resources/ValueSet-languages.json	97266	6	0	0	0	0	0	0	8	24	0	0	0	0	0	0	0	1	0	0	73	95	0	0	0	0	4	0	1
fsh-generated/resources/ValueSet-location-mode.json	1530	2	0	0	0	0	0	0	0	2	0	0	0	0	0	0	0	0	0	0	6	62	0	0	0	0	1	0	0
fsh-generated/resources/ValueSet-location-physical-type.json	1497	1	0	0	0	0	0	0	0	2	0	0	0	0	0	0	0	0	0	0	5	62	0	0	0	0	0	0	0
fsh-generated/resources/ValueSet-location-status.json	1494	1	0	0	0	0	0	0	0	2	0	0	0	0	0	0	0	0	0	0	5	59	0	0	0	0	0	0	0
fsh-generated/resources/ValueSet-name-use.json	1474	1	0	0	0	0	0	0	0	1	0	0	0	0	0	0	0	0	0	0	4	65	0	0	0	0	0	0	0
fsh-generated/resources/ValueSet-organization-type.json	1479	0	0	0	0	0	0	0	0	1	0	0	0	0	0	0	0	0	0	0	5	63	0	0	0	0	1	0	0
fsh-generated/resources/ValueSet-service-category.json	1491	1	0	0	0	0	0	0	1	2	0	0	0	0	0	0	0	1	0	0	6	61	0	0	0	0	0	0	0
fsh-generated/resources/ValueSet-service-provision-conditions.json	1619	1	0	0	1	0	0	0	0	1	0	0	0	0	0	0	0	0	0	0	7	62	0	0	0	0	0	0	0
fsh-generated/resources/ValueSet-service-type.json	1420	1	0	0	0	0	0	0	0	2	0	0	0	0	0	0	0	0	0	0	5	77	0	0	0	0	0	0	0
fsh-generated/resources/ValueSet-v2-0360.json	1150	1	0	0	0	0	0	0	0	1	0	0	0	0	0	0	0	0	0	0	5	65	0	0	0	0	0	0	0
fsh-generated/resources/ValueSet-v3-ServiceDeliveryLocationRoleType.json	1961	1	0	0	0	0	0	0	0	4	0	0	0	0	0	0	0	0	0	0	7	90	0	0	0	0	1	0	0
input/resources/structuredefinition-IHE.mCSD.FacilityLocation.xml	132181	174	0	37	0	0	0	0	0	15	0	0	1	0	0	0	0	1	0	0	137	144	0	0	2	0	7	1	2
input/resources/structuredefinition-IHE.mCSD.Location.xml	91035	109	0	0	0	0	0	0	0	10	0	0	0	0	0	0	0	1	0	0	100	124	0	0	0	0	4	0	0
/input/includes/menu.xml	547	-	-	-	0	0	0	0	0	0	0	0	0	0	0	0	0	0	0	0	0	0	0	0	0	0	0	0	0
/fsh-generated/includes/fsh-link-references.md	11812	-	-	-	0	0	0	0	0	0	0	0	0	0	0	0	0	0	0	0	0	1	0	0	0	0	0	0	0
/input/pagecontent/index.md	5321	-	-	-	0	0	0	0	0	0	0	0	0	0	0	0	0	0	0	0	0	0	0	0	0	0	0	0	0
/template/config	0	-	-	-	0	0	0	0	0	0	0	0	0	0	0	0	0	0	0	0	0	0	0	0	0	0	0	0	0
/template/config/_config.yml	140	-	-	-	0	0	0	0	0	0	0	0	0	0	0	0	0	0	0	0	0	0	0	0	0	0	0	0	0
/temp/pages/_includes/artifacts.xml	65251	-	-	-	-	-	-	-	-	-	-	-	-	-	-	-	-	-	-	-	-	3	0	0	0	0	0	0	0
