URL,Version,Status,OIDs,Name,Title,Description,Uses,Used,Sources
http://hl7.org/fhir/ValueSet/administrative-gender,4.0.1,active,"2.16.840.1.113883.4.642.3.1",AdministrativeGender,AdministrativeGender,"The gender of a person used for administrative purposes.","Questionnaire/ihris-test,StructureDefinition/ihris-test-dependent,StructureDefinition/ihris-test-practitioner","@hl7/hl7.fhir.r4.core"
http://hl7.org/fhir/ValueSet/administrative-gender,0.1.0,active,"2.16.840.1.113883.4.642.3.1",AdministrativeGender,AdministrativeGender,"The gender of a person used for administrative purposes.",,"@hl7/hl7.fhir.r4.core"
http://hl7.org/fhir/ValueSet/audit-entity-type,4.0.1,draft,"2.16.840.1.113883.4.642.3.458",AuditEventEntityType,Audit event entity type,"Code for the entity type involved in the audit event.","StructureDefinition/ihris-auditevent","THO,@hl7/hl7.fhir.r4.core"
http://hl7.org/fhir/ValueSet/audit-event-action,4.0.1,draft,"2.16.840.1.113883.4.642.3.452",AuditEventAction,AuditEventAction,"Indicator for type of action performed during the event that generated the event.","StructureDefinition/ihris-auditevent","@hl7/hl7.fhir.r4.core"
http://hl7.org/fhir/ValueSet/audit-event-outcome,4.0.1,draft,"2.16.840.1.113883.4.642.3.454",AuditEventOutcome,AuditEventOutcome,"Indicates whether the event succeeded or failed.","StructureDefinition/ihris-auditevent","@hl7/hl7.fhir.r4.core"
http://hl7.org/fhir/ValueSet/audit-event-sub-type,4.0.1,active,"2.16.840.1.113883.4.642.3.464",AuditEventSub-Type,Audit Event Sub-Type,"More detailed code concerning the type of the audit event - defined by DICOM with some FHIR specific additions.","StructureDefinition/ihris-auditevent","DICOM,@hl7/hl7.fhir.r4.core"
http://hl7.org/fhir/ValueSet/audit-event-type,4.0.1,active,"2.16.840.1.113883.4.642.3.462",AuditEventID,Audit Event ID,"Event Types for Audit Events - defined by DICOM with some FHIR specific additions.","StructureDefinition/ihris-auditevent","THO,DICOM"
http://hl7.org/fhir/ValueSet/audit-source-type,4.0.1,active,"2.16.840.1.113883.4.642.3.466",AuditEventSourceType,Audit Event Source Type,"The type of process where the audit event originated from.","StructureDefinition/ihris-auditevent","THO"
http://hl7.org/fhir/ValueSet/basic-resource-type,4.0.1,draft,"2.16.840.1.113883.4.642.3.138",BasicResourceTypes,Basic Resource Types,"This value set defines codes for resources not yet supported by (or which will never be supported by) FHIR.  Many of the codes listed here will eventually be turned into official resources.  However, there is no guarantee that any particular resource will be created nor that the scope will be exactly as defined by the codes presented here.  Codes in this set will be deprecated if/when formal resources are defined that encompass these concepts.","StructureDefinition/ihris-dashboard,StructureDefinition/ihris-data-visualization,StructureDefinition/ihris-report,StructureDefinition/ihris-task,StructureDefinition/ihris-role,StructureDefinition/iHRISRelationship,StructureDefinition/ihris-page","THO"
http://hl7.org/fhir/ValueSet/c80-doc-typecodes,4.0.1,active,"2.16.840.1.113883.3.88.12.80.47",DocumentTypeValueSet,Document Type Value Set,"This is the code specifying the precise type of document (e.g. Pulmonary History and  Physical, Discharge Summary, Ultrasound Report, etc.). The Document Type value set includes all LOINC  values listed in HITSP C80 Table 2-144 Document Class Value Set Definition above used for Document Class,  and all LOINC values whose SCALE is DOC in the LOINC database.","StructureDefinition/ihris-document","LOINC"
http://hl7.org/fhir/ValueSet/c80-facilitycodes,4.0.1,active,"2.16.840.1.113883.3.88.12.80.67",FacilityTypeCodeValueSet,Facility Type Code Value Set,"This is the code representing the type of organizational setting where the clinical encounter, service, interaction, or treatment occurred. The value set used for Healthcare Facility Type has been defined by HITSP to be the value set reproduced from HITSP C80 Table 2-147.","StructureDefinition/ihris-document","SCT"
http://hl7.org/fhir/ValueSet/c80-practice-codes,4.0.1,active,"2.16.840.1.113883.3.88.12.80.72",PracticeSettingCodeValueSet,Practice Setting Code Value Set,"This is the code representing the clinical specialty of the clinician or provider who interacted with, treated, or provided a service to/for the patient. The value set used for clinical specialty has been limited by HITSP to the value set reproduced from HITSP C80 Table 2-149 Clinical Specialty Value Set Definition.","StructureDefinition/ihris-document,StructureDefinition/ihris-test-practitioner-role","SCT"
http://hl7.org/fhir/ValueSet/common-tags,4.0.1,draft,"2.16.840.1.113883.4.642.3.79",CommonTags,Common Tags,"Common Tag Codes defined by FHIR project","StructureDefinition/IHE.mCSD.FacilityLocation,StructureDefinition/IHE.mCSD.Location","THO"
http://hl7.org/fhir/ValueSet/composition-status,4.0.1,draft,"2.16.840.1.113883.4.642.3.241",CompositionStatus,CompositionStatus,"The workflow/clinical status of the composition.","StructureDefinition/ihris-document","@hl7/hl7.fhir.r4.core"
http://hl7.org/fhir/ValueSet/contact-point-system,4.0.1,active,"2.16.840.1.113883.4.642.3.71",ContactPointSystem,ContactPointSystem,"Telecommunications form for contact point.","StructureDefinition/ContactPoint","@hl7/hl7.fhir.r4.core"
http://hl7.org/fhir/ValueSet/contact-point-use,4.0.1,active,"2.16.840.1.113883.4.642.3.73",ContactPointUse,ContactPointUse,"Use of contact point.","StructureDefinition/ContactPoint","@hl7/hl7.fhir.r4.core"
http://hl7.org/fhir/ValueSet/currencies,0.1.0,active,"2.16.840.1.113883.4.642.3.1025",Currencies,CurrencyCode,"Currency codes from ISO 4217 (see https://www.iso.org/iso-4217-currency-codes.html)",,"Internal"
http://hl7.org/fhir/ValueSet/days-of-week,4.0.1,active,"2.16.840.1.113883.4.642.3.512",DaysOfWeek,DaysOfWeek,"The days of the week.","StructureDefinition/IHE.mCSD.FacilityLocation,StructureDefinition/ihris-test-practitioner-role,StructureDefinition/IHE.mCSD.Location","@hl7/hl7.fhir.r4.core"
http://hl7.org/fhir/ValueSet/definition-topic,4.0.1,draft,"2.16.840.1.113883.4.642.3.794",DefinitionTopic,DefinitionTopic,"High-level categorization of the definition, used for searching, sorting, and filtering.","StructureDefinition/ihris-module","THO"
http://hl7.org/fhir/ValueSet/dicm-405-mediatype,4.0.1,active,"1.2.840.10008.6.​1.​908",MediaTypeCode,Media Type Code,"Media Type Code","StructureDefinition/ihris-auditevent","DICOM"
http://hl7.org/fhir/ValueSet/document-reference-status,4.0.1,draft,"2.16.840.1.113883.4.642.3.7",DocumentReferenceStatus,DocumentReferenceStatus,"The status of the document reference.","StructureDefinition/ihris-document","@hl7/hl7.fhir.r4.core"
http://hl7.org/fhir/ValueSet/document-relationship-type,4.0.1,draft,"2.16.840.1.113883.4.642.3.244",DocumentRelationshipType,DocumentRelationshipType,"The type of relationship between documents.","StructureDefinition/ihris-document","@hl7/hl7.fhir.r4.core"
http://hl7.org/fhir/ValueSet/formatcodes,4.0.1,active,"1.3.6.1.4.1.19376.1.2.7.1",DocumentReferenceFormatCodeSet,DocumentReference Format Code Set,"The value set is defined to be the set of format codes defined by the IHE Technical Framework, and also including additional format codes defined by the    HL7. The value set is listed in HITSP C80 Table 2-153 Format Code Value Set Definition,    with additions published later by IHE as published    at http://wiki.ihe.net/index.php?title=IHE_Format_Codes   and with additions published later by HL7 as published at https://confluence.hl7.org/display/SD/Format+Codes+for+IHE+XDS.   This is the code specifying the technical format of the document. Along with the typeCode,    it should provide sufficient information to allow any potential document consumer to know    if it will be able to process the document. The code shall be sufficiently specific to    ensure processing/display by identifying a document encoding, structure and template. The actual list of codes here is incomplete","StructureDefinition/ihris-document","Other"
http://hl7.org/fhir/ValueSet/identifier-type,4.0.1,active,"2.16.840.1.113883.4.642.3.45",Identifier Type Codes,IdentifierType,"A coded type for an identifier that can be used to determine which identifier to use for a specific purpose.","Questionnaire/ihris-test,StructureDefinition/ihris-test-practitioner,StructureDefinition/ihris-test-practitioner-role","THO (V2)"
http://hl7.org/fhir/ValueSet/identifier-use,4.0.1,active,"2.16.840.1.113883.4.642.3.57",IdentifierUse,IdentifierUse,"Identifies the purpose for this identifier, if known .","StructureDefinition/ihris-test-practitioner,StructureDefinition/ihris-test-practitioner-role","@hl7/hl7.fhir.r4.core"
http://hl7.org/fhir/ValueSet/iso3166-1-2,0.1.0,active,,Iso3166-1-2,Iso 3166 Part 1: 2 Letter Codes,"This value set defines the ISO 3166 Part 1 2-letter codes",,"Internal"
http://hl7.org/fhir/ValueSet/item-type,4.0.1,draft,"2.16.840.1.113883.4.642.3.444",QuestionnaireItemType,QuestionnaireItemType,"Distinguishes groups from questions and display text and indicates data type for questions.","StructureDefinition/ihris-questionnaire","@hl7/hl7.fhir.r4.core"
http://hl7.org/fhir/ValueSet/jurisdiction,4.0.1,active,"2.16.840.1.113883.4.642.3.48",Jurisdiction ValueSet,Jurisdiction,"This value set defines a base set of codes for country, country subdivision and region    for indicating where a resource is intended to be used.             Note: The codes for countries and country subdivisions are taken from    [ISO 3166](https://www.iso.org/iso-3166-country-codes.html)    while the codes for ""supra-national"" regions are from    [UN Standard country or area codes for statistical use (M49)](http://unstats.un.org/unsd/methods/m49/m49.htm).","StructureDefinition/ihris-questionnaire,StructureDefinition/ihris-module","Internal,Other"
http://hl7.org/fhir/ValueSet/languages,4.0.1,draft,"2.16.840.1.113883.4.642.3.20",CommonLanguages,Common Languages,"This value set includes common codes from BCP-47 (http://tools.ietf.org/html/bcp47)","StructureDefinition/ihris-document,StructureDefinition/ihris-data-visualization,StructureDefinition/IHE.mCSD.FacilityLocation,StructureDefinition/ihris-auditevent,StructureDefinition/ihris-parameters-remote-config,StructureDefinition/ihris-test-practitioner-role,StructureDefinition/ihris-role,StructureDefinition/iHRISRelationship,StructureDefinition/ihris-page,StructureDefinition/ihris-questionnaire,StructureDefinition/ihris-dashboard,StructureDefinition/ihris-report,StructureDefinition/ihris-test-practitioner,StructureDefinition/ihris-task,StructureDefinition/IHE.mCSD.Location,StructureDefinition/ihris-parameters-local-config,StructureDefinition/ihris-module","Other"
http://hl7.org/fhir/ValueSet/languages,0.1.0,draft,"2.16.840.1.113883.4.642.3.20",CommonLanguages,Common Languages,"This value set includes common codes from BCP-47 (http://tools.ietf.org/html/bcp47)",,"Other"
http://hl7.org/fhir/ValueSet/library-type,4.0.1,draft,"2.16.840.1.113883.4.642.3.763",LibraryType,LibraryType,"The type of knowledge asset this library contains.","StructureDefinition/ihris-module","THO"
http://hl7.org/fhir/ValueSet/location-mode,4.0.1,draft,"2.16.840.1.113883.4.642.3.330",LocationMode,LocationMode,"Indicates whether a resource instance represents a specific location or a class of locations.","StructureDefinition/IHE.mCSD.FacilityLocation,StructureDefinition/IHE.mCSD.Location","@hl7/hl7.fhir.r4.core"
http://hl7.org/fhir/ValueSet/location-physical-type,4.0.1,draft,"2.16.840.1.113883.4.642.3.328",LocationType,Location type,"This example value set defines a set of codes that can be used to indicate the physical form of the Location.","StructureDefinition/IHE.mCSD.FacilityLocation,StructureDefinition/IHE.mCSD.Location","THO"
http://hl7.org/fhir/ValueSet/location-status,4.0.1,draft,"2.16.840.1.113883.4.642.3.332",LocationStatus,LocationStatus,"Indicates whether the location is still in use.","StructureDefinition/IHE.mCSD.FacilityLocation,StructureDefinition/IHE.mCSD.Location","@hl7/hl7.fhir.r4.core"
http://hl7.org/fhir/ValueSet/mimetypes,4.0.1,active,"2.16.840.1.113883.4.642.3.1024",Mime Types,MimeType,"This value set includes all possible codes from BCP-13 (http://tools.ietf.org/html/bcp13)","StructureDefinition/ihris-document,StructureDefinition/ihris-parameters-remote-config,StructureDefinition/ihris-module","Other"
http://hl7.org/fhir/ValueSet/name-use,4.0.1,active,"2.16.840.1.113883.4.642.3.65",NameUse,NameUse,"The use of a human name.","StructureDefinition/ihris-test-practitioner","@hl7/hl7.fhir.r4.core"
http://hl7.org/fhir/ValueSet/name-use,0.1.0,active,"2.16.840.1.113883.4.642.3.65",NameUse,NameUse,"The use of a human name.",,"@hl7/hl7.fhir.r4.core"
http://hl7.org/fhir/ValueSet/network-type,4.0.1,draft,"2.16.840.1.113883.4.642.3.456",AuditEventAgentNetworkType,AuditEventAgentNetworkType,"The type of network access point of this agent in the audit event.","StructureDefinition/ihris-auditevent","@hl7/hl7.fhir.r4.core"
http://hl7.org/fhir/ValueSet/object-lifecycle-events,4.0.1,draft,,ObjectLifecycleEvents,,"This example FHIR value set is comprised of lifecycle event codes. The FHIR Actor value set is based on    DICOM Audit Message, ParticipantObjectDataLifeCycle;   ISO Standard, TS 21089-2017;  ","StructureDefinition/ihris-auditevent","THO"
http://hl7.org/fhir/ValueSet/object-role,4.0.1,draft,"2.16.840.1.113883.4.642.3.460",AuditEventEntityRole,AuditEventEntityRole,"Code representing the role the entity played in the audit event.","StructureDefinition/ihris-auditevent","THO"
http://hl7.org/fhir/ValueSet/participation-role-type,4.0.1,draft,"2.16.840.1.113883.4.642.3.54",ParticipationRoleType,ParticipationRoleType,"This FHIR value set is comprised of Actor participation Type codes, which can be used to value FHIR agents, actors, and other role         elements. The FHIR Actor participation type value set is based on    DICOM Audit Message, C402;   ASTM Standard, E1762-95 [2013]; selected codes and          derived actor roles from HL7 RoleClass OID 2.16.840.1.113883.5.110;    HL7 Role Code 2.16.840.1.113883.5.111, including AgentRoleType;          HL7 ParticipationType OID: 2.16.840.1.113883.5.90; and    HL7 ParticipationFunction codes OID: 2.16.840.1.113883.5.88.           This value set includes, by reference, role codes from external code systems: NUCC Health Care Provider Taxonomy OID: 2.16.840.1.113883.6.101;          North American Industry Classification System [NAICS]OID: 2.16.840.1.113883.6.85; IndustryClassificationSystem 2.16.840.1.113883.1.11.16039;          and US Census Occupation Code OID: 2.16.840.1.113883.6.243 for relevant recipient or custodian codes not included in this value set.            If no source is indicated in the definition comments, then these are example FHIR codes.","StructureDefinition/ihris-auditevent","THO (V3),THO,DICOM"
http://hl7.org/fhir/ValueSet/publication-status,4.0.1,active,"2.16.840.1.113883.4.642.3.3",PublicationStatus,PublicationStatus,"The lifecycle status of an artifact.","StructureDefinition/ihris-questionnaire,StructureDefinition/ihris-module","@hl7/hl7.fhir.r4.core"
http://hl7.org/fhir/ValueSet/questionnaire-answers,4.0.1,draft,"2.16.840.1.113883.4.642.3.446",QuestionnaireAnswerCodes,Questionnaire Answer Codes,"Example list of codes for answers to questions. (Not complete or necessarily appropriate.)","StructureDefinition/ihris-questionnaire","SCT"
http://hl7.org/fhir/ValueSet/questionnaire-enable-behavior,4.0.1,draft,"2.16.840.1.113883.4.642.3.1007",EnableWhenBehavior,EnableWhenBehavior,"Controls how multiple enableWhen values are interpreted -  whether all or any must be true.","StructureDefinition/ihris-questionnaire","@hl7/hl7.fhir.r4.core"
http://hl7.org/fhir/ValueSet/questionnaire-enable-operator,4.0.1,draft,"2.16.840.1.113883.4.642.3.1005",QuestionnaireItemOperator,QuestionnaireItemOperator,"The criteria by which a question is enabled.","StructureDefinition/ihris-questionnaire","@hl7/hl7.fhir.r4.core"
http://hl7.org/fhir/ValueSet/questionnaire-questions,4.0.1,draft,"2.16.840.1.113883.4.642.3.443",QuestionnaireQuestionCodes,Questionnaire Question Codes,"Example list of codes for questions and groups of questions. (Not necessarily complete or appropriate.)","StructureDefinition/ihris-questionnaire","LOINC"
http://hl7.org/fhir/ValueSet/resource-types,4.0.1,active,"2.16.840.1.113883.4.642.3.27",ResourceType,ResourceType,"One of the resource types defined as part of this version of FHIR.","StructureDefinition/IHE.mCSD.FacilityLocation,StructureDefinition/ihris-test-residence,StructureDefinition/ihris-assign-role,StructureDefinition/ihris-task,StructureDefinition/ihris-assign-task,StructureDefinition/composite-task,StructureDefinition/ihris-questionnaire","@hl7/hl7.fhir.r4.core"
http://hl7.org/fhir/ValueSet/security-labels,4.0.1,active,"2.16.840.1.113883.4.642.3.47",All Security Labels,SecurityLabels,"A single value set for all security labels defined by FHIR.","StructureDefinition/ihris-document,StructureDefinition/IHE.mCSD.FacilityLocation,StructureDefinition/ihris-auditevent,StructureDefinition/IHE.mCSD.Location",
http://hl7.org/fhir/ValueSet/security-role-type,4.0.1,draft,"2.16.840.1.113883.4.642.3.978",SecurityRoleType,SecurityRoleType,"This example FHIR value set is comprised of example Actor Type codes, which can be used to value FHIR agents, actors, and other role         elements such as those specified in financial transactions. The FHIR Actor value set is based on    DICOM Audit Message, C402;   ASTM Standard, E1762-95 [2013]; selected codes and          derived actor roles from HL7 RoleClass OID 2.16.840.1.113883.5.110;    HL7 Role Code 2.16.840.1.113883.5.111, including AgentRoleType;          HL7 ParticipationType OID: 2.16.840.1.113883.5.90; and    HL7 ParticipationFunction codes OID: 2.16.840.1.113883.5.88.           This value set includes, by reference, role codes from external code systems: NUCC Health Care Provider Taxonomy OID: 2.16.840.1.113883.6.101;          North American Industry Classification System [NAICS]OID: 2.16.840.1.113883.6.85; IndustryClassificationSystem 2.16.840.1.113883.1.11.16039;          and US Census Occupation Code OID: 2.16.840.1.113883.6.243 for relevant recipient or custodian codes not included in this value set.            If no source is indicated in the definition comments, then these are example FHIR codes.          It can be extended with appropriate roles described by SNOMED as well as those described in the HL7 Role Based Access Control Catalog and the          HL7 Healthcare (Security and Privacy) Access Control Catalog.            In Role-Based Access Control (RBAC), permissions are operations on an object that a user wishes to access. Permissions are grouped into roles.          A role characterizes the functions a user is allowed to perform. Roles are assigned to users. If the user's role has the appropriate permissions          to access an object, then that user is granted access to the object. FHIR readily enables RBAC, as FHIR Resources are object types and the CRUDE          events (the FHIR equivalent to permissions in the RBAC scheme) are operations on those objects.          In Attribute-Based Access Control (ABAC), a user requests to perform operations on objects. That user's access request is granted or denied          based on a set of access control policies that are specified in terms of attributes and conditions. FHIR readily enables ABAC, as instances of          a Resource in FHIR (again, Resources are object types) can have attributes associated with them. These attributes include security tags,          environment conditions, and a host of user and object characteristics, which are the same attributes as those used in ABAC. Attributes help          define the access control policies that determine the operations a user may perform on a Resource (in FHIR) or object (in ABAC). For example,          a tag (or attribute) may specify that the identified Resource (object) is not to be further disclosed without explicit consent from the patient.","StructureDefinition/ihris-auditevent","THO (V3),THO,DICOM"
http://hl7.org/fhir/ValueSet/signature-type,4.0.1,draft,"1.2.840.10065.1.12",SignatureTypeCodes,Signature Type Codes,"The Digital Signature Purposes, an indication of the reason an entity signs a document. This is included in the signed information and can be used when determining accountability for various actions concerning the document. Examples include: author, transcriptionist/recorder, and witness.","StructureDefinition/ihris-parameters-remote-config","@hl7/hl7.fhir.r4.core"
http://hl7.org/fhir/ValueSet/subject-type,4.0.1,draft,"2.16.840.1.113883.4.642.3.775",SubjectType,Subject type,"Possible types of subjects.","StructureDefinition/ihris-module","@hl7/hl7.fhir.r4.core"
http://ihris.org/fhir/ValueSet/address-type,0.1.0,active,"2.16.840.1.113883.4.642.3.69",AddressType,AddressType,"The type of an address (physical / postal).",,"@hl7/hl7.fhir.r4.core"
http://ihris.org/fhir/ValueSet/address-use,0.1.0,active,"2.16.840.1.113883.4.642.3.67",AddressUse,AddressUse,"The use of an address.",,"@hl7/hl7.fhir.r4.core"
http://ihris.org/fhir/ValueSet/c80-practice-codes,0.1.0,active,"2.16.840.1.113883.3.88.12.80.72",PracticeSettingCodeValueSet,Practice Setting Code Value Set,"This is the code representing the clinical specialty of the clinician or provider who interacted with, treated, or provided a service to/for the patient. The value set used for clinical specialty has been limited by HITSP to the value set reproduced from HITSP C80 Table 2-149 Clinical Specialty Value Set Definition.",,"SCT"
http://ihris.org/fhir/ValueSet/contact-point-system,0.1.0,active,"2.16.840.1.113883.4.642.3.71",ContactPointSystem,ContactPointSystem,"Telecommunications form for contact point.",,"@hl7/hl7.fhir.r4.core"
http://ihris.org/fhir/ValueSet/contact-point-use,0.1.0,active,"2.16.840.1.113883.4.642.3.73",ContactPointUse,ContactPointUse,"Use of contact point.",,"@hl7/hl7.fhir.r4.core"
http://ihris.org/fhir/ValueSet/contactentity-type,0.1.0,draft,"2.16.840.1.113883.4.642.3.416",ContactEntityType,Contact entity type,"This example value set defines a set of codes that can be used to indicate the purpose for which you would contact a contact party.",,"THO"
http://ihris.org/fhir/ValueSet/days-of-week,0.1.0,active,"2.16.840.1.113883.4.642.3.512",DaysOfWeek,DaysOfWeek,"The days of the week.",,"@hl7/hl7.fhir.r4.core"
http://ihris.org/fhir/ValueSet/identifier-type,0.1.0,active,"2.16.840.1.113883.4.642.3.45",IdentifierType,IdentifierType,"A coded type for an identifier that can be used to determine which identifier to use for a specific purpose.",,"THO (V2)"
http://ihris.org/fhir/ValueSet/identifier-use,0.1.0,active,"2.16.840.1.113883.4.642.3.57",IdentifierUse,IdentifierUse,"Identifies the purpose for this identifier, if known .",,"@hl7/hl7.fhir.r4.core"
http://ihris.org/fhir/ValueSet/ihris-cadre,0.1.0,active,,IhrisCadre,iHRIS Cadre,"Sample iHRIS ValueSet for: IhrisCadre",,"Internal"
http://ihris.org/fhir/ValueSet/ihris-classification,0.1.0,active,,IhrisClassification,iHRIS Classification,"Sample iHRIS ValueSet for: IhrisClassification",,"Internal"
http://ihris.org/fhir/ValueSet/ihris-document-category,0.1.0,active,,IhrisDocumentCategoryValueSet,Code system for document categories.,"","StructureDefinition/ihris-document","Internal"
http://ihris.org/fhir/ValueSet/ihris-job,0.1.0,active,,IhrisJob,iHRIS Job,"Sample iHRIS ValueSet for: IhrisJob","Questionnaire/ihris-test,StructureDefinition/ihris-test-practitioner-role","Internal"
http://ihris.org/fhir/ValueSet/ihris-resource-valueset,0.1.0,active,,IhrisResourceValueSet,Value Set for iHRIS Basic Resources.,"",,"Internal"
http://ihris.org/fhir/ValueSet/ihris-salary-grade,0.1.0,active,,IhrisSalaryGrade,iHRIS Salary Grade,"Sample iHRIS ValueSet for: iHRISSalaryGrade",,"Internal"
http://ihris.org/fhir/ValueSet/ihris-task-permission,0.1.0,active,,IhrisTaskPermissionValueSet,Code system for task permissions.,"","StructureDefinition/task-attributes,StructureDefinition/ihris-task,Questionnaire/ihris-task","Internal"
http://ihris.org/fhir/ValueSet/ihris-task-resource,0.1.0,active,,IhrisTaskResourceValueSet,Code system for task permissions.,"","StructureDefinition/task-attributes,StructureDefinition/ihris-task,Questionnaire/ihris-task","Internal"
http://ihris.org/fhir/ValueSet/location-mode,0.1.0,draft,"2.16.840.1.113883.4.642.3.330",LocationMode,LocationMode,"Indicates whether a resource instance represents a specific location or a class of locations.",,"@hl7/hl7.fhir.r4.core"
http://ihris.org/fhir/ValueSet/location-physical-type,0.1.0,draft,"2.16.840.1.113883.4.642.3.328",LocationType,Location type,"This example value set defines a set of codes that can be used to indicate the physical form of the Location.",,"THO"
http://ihris.org/fhir/ValueSet/location-status,0.1.0,draft,"2.16.840.1.113883.4.642.3.332",LocationStatus,LocationStatus,"Indicates whether the location is still in use.",,"@hl7/hl7.fhir.r4.core"
http://ihris.org/fhir/ValueSet/organization-type,0.1.0,draft,"2.16.840.1.113883.4.642.3.414",OrganizationType,Organization type,"This example value set defines a set of codes that can be used to indicate a type of organization.",,"THO"
http://ihris.org/fhir/ValueSet/service-category,0.1.0,draft,"2.16.840.1.113883.4.642.3.516",ServiceCategory,Service category,"This value set defines an example set of codes that can be used to classify groupings of service-types/specialties.",,"THO"
http://ihris.org/fhir/ValueSet/service-provision-conditions,0.1.0,draft,"2.16.840.1.113883.4.642.3.514",ServiceProvisionConditions,ServiceProvisionConditions,"The code(s) that detail the conditions under which the healthcare service is available/offered.",,"THO"
http://ihris.org/fhir/ValueSet/service-type,0.1.0,draft,"2.16.840.1.113883.4.642.3.518",ServiceType,Service type,"This value set defines an example set of codes of service-types.",,"THO"
http://terminology.hl7.org/ValueSet/v2-0116,3.0.0,active,"2.16.840.1.113883.21.51",Hl7VSBedStatus,hl7VS-bedStatus,"Value Set of codes that specify the state of a bed in an inpatient setting, and is used to determine if a patient may be assigned to it or not.","StructureDefinition/IHE.mCSD.FacilityLocation,StructureDefinition/IHE.mCSD.Location","THO (V2)"
http://terminology.hl7.org/ValueSet/v2-0360,0.1.0,active,"2.16.840.1.113883.21.236",Hl7VSDegreeLicenseCertificate,hl7VS-degreeLicenseCertificate,"Concepts specifying an educational degree (e.g., MD).  Used in the CNN datatype (names and identifiers of clinicians) in Version 2 messaging.  Used in Version 2 messaging; note that in releases of HL7 prior to 2.3.1, was also used in person names (XPN), but this use was deprecated, then withdrawn in 2.7.",,"THO (V2)"
http://terminology.hl7.org/ValueSet/v2-2.7-0360,0360,active,,v2.0360.2.7,v2 table 0360, Version 2.7,"FHIR Value set/code system definition for HL7 v2 table 0360 ver 2.9 ( Degree/License/Certificate)","StructureDefinition/ihris-test-practitioner","THO (V2)"
http://terminology.hl7.org/ValueSet/v3-ActCode,3.0.0,active,,ActCode,v3 Code System ActCode,"A code specifying the particular kind of Act that the Act-instance represents within its class.  Constraints:  The kind of Act (e.g. physical examination, serum potassium, inpatient encounter, charge financial transaction, etc.) is specified with a code from one of several, typically external, coding systems.  The coding system will depend on the class of Act, such as LOINC for observations, etc. Conceptually, the Act.code must be a specialization of the Act.classCode. This is why the structure of ActClass domain should be reflected in the superstructure of the ActCode domain and then individual codes or externally referenced vocabularies subordinated under these domains that reflect the ActClass structure. Act.classCode and Act.code are not modifiers of each other but the Act.code concept should really imply the Act.classCode concept. For a negative example, it is not appropriate to use an Act.code ""potassium"" together with and Act.classCode for ""laboratory observation"" to somehow mean ""potassium laboratory observation"" and then use the same Act.code for ""potassium"" together with Act.classCode for ""medication"" to mean ""substitution of potassium"". This mutually modifying use of Act.code and Act.classCode is not permitted.","StructureDefinition/ihris-document","THO (V3)"
http://terminology.hl7.org/ValueSet/v3-PurposeOfUse,3.1.0,active,"2.16.840.1.113883.1.11.20448",PurposeOfUse,PurposeOfUse,"Supports communication of purpose of use at a general level.","StructureDefinition/ihris-auditevent","THO (V3)"
http://terminology.hl7.org/ValueSet/v3-ServiceDeliveryLocationRoleType,0.1.0,active,"2.16.840.1.113883.1.11.17660",V3_ServiceDeliveryLocationRoleType,V3 Value SetServiceDeliveryLocationRoleType," A role of a place that further classifies the setting (e.g., accident site, road side, work site, community location) in which services are delivered.",,"THO (V3)"
http://terminology.hl7.org/ValueSet/v3-ServiceDeliveryLocationRoleType,3.0.0,active,"2.16.840.1.113883.1.11.17660",ServiceDeliveryLocationRoleType,ServiceDeliveryLocationRoleType,"A role of a place that further classifies the setting (e.g., accident site, road side, work site, community location) in which services are delivered.","StructureDefinition/IHE.mCSD.FacilityLocation,StructureDefinition/IHE.mCSD.Location","THO (V3)"
