https://launchpad.net/i2ce/3.1/3.1.1/+download/I2CE-3_1_1.tar.bz2	c19606474414b2c1b99581d8d316218c I2CE-3_1_1.tar.bz2
https://launchpad.net/i2ce/3.0/3.0.0/+download/I2CE-full-3_0_0.tar.bz2	4c6ffb401236788a7b7ea5e6ab0e4d8e I2CE-full-3_0_0.tar.bz2
https://launchpad.net/i2ce/3.0/3.0.0/+download/ihris-suite-3_0_0.tar.bz2	41571e65fc643e3c5b6ee6b17873e425 ihris-suite-3_0_0.tar.bz2
https://launchpad.net/i2ce/3.0/3.0.0/+download/I2CE-3_0_0a.tar.bz2	fd060d4b3c1093668ebc99b947208261 I2CE-3_0_0a.tar.bz2
https://launchpad.net/i2ce/3.1/3.1.1/+download/I2CE-full-3_1_1.tar.bz2	cc81c43b36eece13ec4df385985a8e64 I2CE-full-3_1_1.tar.bz2
https://launchpad.net/i2ce/3.0/3.0.0/+download/I2CE-full-3_0_0a.tar.bz2	373236f7084e19a0a826f21152886c63 I2CE-full-3_0_0a.tar.bz2
https://launchpad.net/i2ce/3.1/3.1.0/+download/README_iHRISfull.txt	780da76e923545f63ba3ab80579faf87 README_iHRISfull.txt
https://launchpad.net/i2ce/3.1/3.1.0/+download/I2CE-full-3_1_0.tar.bz2	33dbd89f1de305dc613afb7e373cbbcc I2CE-full-3_1_0.tar.bz2
https://launchpad.net/i2ce/3.0/3.0.0/+download/ihris-suite-3_0_0a.tar.bz2	a1bd6b733a83ae812bf24f33e51c5c88 ihris-suite-3_0_0a.tar.bz2
https://launchpad.net/i2ce/3.1/3.1.2/+download/I2CE-full-3_1_2.tar.bz2	b5f2587a0accc2a638d4927e22fdcb0f I2CE-full-3_1_2.tar.bz2
https://launchpad.net/i2ce/3.1/3.1.0/+download/ihris-suite-3_1_0.tar.bz2	d78739f064e606e92232ca196ffd0010 ihris-suite-3_1_0.tar.bz2
https://launchpad.net/i2ce/3.1/3.1.0/+download/I2CE-3_1_0.tar.bz2	79364bc141915354e267ad181c8946a1 I2CE-3_1_0.tar.bz2
https://launchpad.net/i2ce/3.0/3.0.0/+download/I2CE-3_0_0.tar.bz2	d1ab6b9971abda6e254aa38ce54c4054 I2CE-3_0_0.tar.bz2
https://launchpad.net/i2ce/3.1/3.1.2/+download/I2CE-3_1_2.tar.bz2	073c5ed29e8d7195f5caf85de40b83b4 I2CE-3_1_2.tar.bz2
https://launchpad.net/i2ce/3.1/3.1.1/+download/README_iHRIS_Suite_3.1.1.txt	b525605c35702597547eeace14d2f543 README_iHRIS_Suite_3.1.1.txt
https://launchpad.net/i2ce/3.1/3.1.1/+download/ihris-suite-3_1_1.tar.bz2	1f402dac34380b94f6ea1d742f789d6f ihris-suite-3_1_1.tar.bz2
https://launchpad.net/i2ce/3.1/3.1.3/+download/Readme_v3.1.3.txt	7314fcd3fae753e50fdd19c3044f471e Readme_v3.1.3.txt
https://launchpad.net/i2ce/3.1/3.1.3/+download/ihris-suite-3_1_3.tar.bz2	6f00bc96deb902f9e66841c564d76de9 ihris-suite-3_1_3.tar.bz2
https://launchpad.net/i2ce/3.1/3.1.3/+download/iHRIS-3.1.3.exe	0e5531a0de1e07df0a4693314698d147 iHRIS-3.1.3.exe
https://launchpad.net/i2ce/3.1/3.1.4/+download/I2CE-full-3_1_4.tar.bz2	a744c11c3ebd78595d6ca3678596ef24 I2CE-full-3_1_4.tar.bz2
https://launchpad.net/i2ce/3.1/3.1.2/+download/README_Offline_iHRIS_3.1.2.txt	8b2b8aa3433c29535dfa218d323a6a45 README_Offline_iHRIS_3.1.2.txt
https://launchpad.net/i2ce/3.1/3.1.4/+download/README_v3.1.4.txt	fb670a0c3a258d61e88f6ed4c1b2842c README_v3.1.4.txt
https://launchpad.net/i2ce/3.1/3.1.4/+download/I2CE-3_1_4.tar.bz2	ce5db44b9945493cc16ea3f10da49eb8 I2CE-3_1_4.tar.bz2
https://launchpad.net/i2ce/3.1/3.1.2/+download/OfflineIHRIS-3.1.2.exe	ec73d0be1545e3ffb9968961302c6577 OfflineIHRIS-3.1.2.exe
https://launchpad.net/i2ce/4.0/4.0.0/+download/I2CE-full-4_0_0.tar.bz2	6968bda132c0ae02403fa0cd82ab02a3 I2CE-full-4_0_0.tar.bz2
https://launchpad.net/i2ce/3.1/3.1.2/+download/README_iHRIS_Suite_3.1.2.txt	f59ae37f07e6f6ed6efea3bebd23ec96 README_iHRIS_Suite_3.1.2.txt
https://launchpad.net/i2ce/4.0/4.0.0/+download/I2CE-4_0_0.tar.bz2	b857b398cf0fee8202e6e95f8bebc43c I2CE-4_0_0.tar.bz2
https://launchpad.net/i2ce/3.1/3.1.2/+download/ihris-suite-3_1_2.tar.bz2	a7291bafddbd360f966dbc6c08228553 ihris-suite-3_1_2.tar.bz2
https://launchpad.net/i2ce/3.1/3.1.3/+download/I2CE-full-3_1_3.tar.bz2	fc81336f7110a1778bc228eb64281b0a I2CE-full-3_1_3.tar.bz2
https://launchpad.net/i2ce/3.1/3.1.3/+download/I2CE-3_1_3.tar.bz2	e0ea163c13018008c92d92646565ce7f I2CE-3_1_3.tar.bz2
https://launchpad.net/i2ce/4.0/4.0.0/+download/README_4_0_0.txt	9eaa07e7d2473c61f27c5d89016ba157 README_4_0_0.txt
https://launchpad.net/i2ce/3.1/3.1.4/+download/ihris-suite-3_1_4.tar.bz2	2bb5d75f130ef9790ef4a50a47900d4b ihris-suite-3_1_4.tar.bz2
https://launchpad.net/i2ce/4.0/4.0.1/+download/ihris-suite-4_0_1.tar.bz2	ebc6b0d313e097d0f4d2b71446cbf140 ihris-suite-4_0_1.tar.bz2
https://launchpad.net/i2ce/4.0/4.0.1/+download/I2CE-full-4_0_1.tar.bz2	b5c3f4b5aed815684d2a19c3f502e3a6 I2CE-full-4_0_1.tar.bz2
https://launchpad.net/i2ce/4.0/4.0.10/+download/I2CE-4.0.10.tar.bz2	dee0a2669be9f10f26c56719ef64b738 I2CE-4.0.10.tar.bz2
https://launchpad.net/i2ce/4.0/4.0.1/+download/I2CE-4_0_1.tar.bz2	f0c7f59dbeb8beed3c9362ccebc9e223 I2CE-4_0_1.tar.bz2
https://launchpad.net/i2ce/4.0/4.0.11/+download/I2CE-full-4.0.11.tar.bz2	ec7ddad497cf7a67d485767612842ce7 I2CE-full-4.0.11.tar.bz2
https://launchpad.net/i2ce/4.0/4.0.12/+download/I2CE-full-4.0.12.tar.bz2	3ab71c388a8b0215f385128cf41a7af3 I2CE-full-4.0.12.tar.bz2
https://launchpad.net/i2ce/4.0/4.0.11/+download/ihris-suite-4.0.11.tar.bz2	1679a3a456594afbad6515dc27de8f4b ihris-suite-4.0.11.tar.bz2
https://launchpad.net/i2ce/4.0/4.0.10/+download/I2CE-full-4.0.10.tar.bz2	7aabf3dae8d0d41d49a5b604c59d9e62 I2CE-full-4.0.10.tar.bz2
https://launchpad.net/i2ce/4.0/4.0.14/+download/ihris-suite-4.0.14.tar.bz2	a86954347831184c9e3ed13c72b59725 ihris-suite-4.0.14.tar.bz2
https://launchpad.net/i2ce/4.0/4.0.12/+download/I2CE-4.0.12.tar.bz2	a06f23e83a50e8219ba7cb2bd41f5caa I2CE-4.0.12.tar.bz2
https://launchpad.net/i2ce/4.0/4.0.10/+download/ihris-suite-4.0.10.tar.bz2	4a67354dc1deb72f342bef0ffc91f43d ihris-suite-4.0.10.tar.bz2
https://launchpad.net/i2ce/4.0/4.0.12/+download/ihris-suite-4.0.12.tar.bz2	8e1faf36b98a0315f6778513e50a1c63 ihris-suite-4.0.12.tar.bz2
https://launchpad.net/i2ce/4.0/4.0.14/+download/I2CE-4.0.14.tar.bz2	ad0ea75901e78e73201c486a7165f8dd I2CE-4.0.14.tar.bz2
https://launchpad.net/i2ce/4.0/4.0.14/+download/I2CE-full-4.0.14.tar.bz2	f1a8b2a5a1a32d5e074d12d0fb63e766 I2CE-full-4.0.14.tar.bz2
https://launchpad.net/i2ce/4.0/4.0.16/+download/I2CE-4.0.16.tar.bz2	11ed4eaeed66f1f548c14fa4b6d50f3b I2CE-4.0.16.tar.bz2
https://launchpad.net/i2ce/4.0/4.0.16/+download/I2CE-full-4.0.16.tar.bz2	492ec920638ce472db0855ea72285833 I2CE-full-4.0.16.tar.bz2
https://launchpad.net/i2ce/4.0/4.0.18/+download/I2CE-4.0.18.tar.bz2	dad20395d90838a7cfd8cee25345f1f6 I2CE-4.0.18.tar.bz2
https://launchpad.net/i2ce/4.0/4.0.11/+download/I2CE-4.0.11.tar.bz2	e9c502e9d3c9f1a16f5ae455b467acd4 I2CE-4.0.11.tar.bz2
https://launchpad.net/i2ce/4.0/4.0.16/+download/ihris-suite-4.0.16.tar.bz2	6ddd6147ee81b9d1961e4f0d28fd8179 ihris-suite-4.0.16.tar.bz2
https://launchpad.net/i2ce/4.0/4.0.18/+download/ihris-suite-4.0.18.tar.bz2	da2f2f9de145a3345b6121369dc18a6d ihris-suite-4.0.18.tar.bz2
https://launchpad.net/i2ce/4.0/4.0.18/+download/I2CE-full-4.0.18.tar.bz2	ffcd00e0faae53bc6a47f3091b04e8aa I2CE-full-4.0.18.tar.bz2
https://launchpad.net/i2ce/4.0/4.0.2/+download/ihris-suite-4_0_2.tar.bz2	3294a9df448a0dd31beb61b8e8c8a76f ihris-suite-4_0_2.tar.bz2
https://launchpad.net/i2ce/4.0/4.0.21/+download/I2CE-4.0.21.tar.bz2	22114609e6661deeadc5550d80a60165 I2CE-4.0.21.tar.bz2
https://launchpad.net/i2ce/4.0/4.0.21/+download/I2CE-full-4.0.21.tar.bz2	685e48d0704d7cd973082124d4956e52 I2CE-full-4.0.21.tar.bz2
https://launchpad.net/i2ce/4.0/4.0.19/+download/ihris-suite-4.0.19.tar.bz2	0cab44c66570289b9260f268e423d488 ihris-suite-4.0.19.tar.bz2
https://launchpad.net/i2ce/4.0/4.0.15/+download/ihris-suite-4.0.15.tar.bz2	e5d4b2598ef9529ae538c6e781940933 ihris-suite-4.0.15.tar.bz2
https://launchpad.net/i2ce/4.0/4.0.19/+download/I2CE-4.0.19.tar.bz2	805c0f5f0258ad32ff80047af1739251 I2CE-4.0.19.tar.bz2
https://launchpad.net/i2ce/4.0/4.0.22/+download/I2CE-full-4.0.22.tar.bz2	06cb261f124ed3c70992eef6668bbc4c I2CE-full-4.0.22.tar.bz2
https://launchpad.net/i2ce/4.0/4.0.21/+download/ihris-suite-4.0.21.tar.bz2	fad6d825b05c61e410612a4d24888e2b ihris-suite-4.0.21.tar.bz2
https://launchpad.net/i2ce/4.0/4.0.22/+download/ihris-suite-4.0.22.tar.bz2	452a6ea84ae26d9cbc53023e5b2102f6 ihris-suite-4.0.22.tar.bz2
https://launchpad.net/i2ce/4.0/4.0.22/+download/I2CE-4.0.22.tar.bz2	769d9979aa33967e3f58c079eeee690e I2CE-4.0.22.tar.bz2
https://launchpad.net/i2ce/4.0/4.0.2/+download/I2CE-4_0_2.tar.bz2	f5c61abe51a9e282b413432b1de71cab I2CE-4_0_2.tar.bz2
https://launchpad.net/i2ce/4.0/4.0.23/+download/I2CE-4.0.23.tar.bz2	90dc8f7482f6a8d2c061b104279191f7 I2CE-4.0.23.tar.bz2
https://launchpad.net/i2ce/4.0/4.0.23/+download/I2CE-full-4.0.23.tar.bz2	f548a500f0ff02633f972213e78ecc7c I2CE-full-4.0.23.tar.bz2
https://launchpad.net/i2ce/4.0/4.0.3/+download/I2CE-4_0_3.tar.bz2	46663dba21d04a35d4c4cda2bb23a543 I2CE-4_0_3.tar.bz2
https://launchpad.net/i2ce/4.0/4.0.3/+download/I2CE-full-4_0_3.tar.bz2	75708142791c57446f157dc54dbe389d I2CE-full-4_0_3.tar.bz2
https://launchpad.net/i2ce/4.0/4.0.23/+download/ihris-suite-4.0.23.tar.bz2	5885122876eb7cfdb73867eb50adc166 ihris-suite-4.0.23.tar.bz2
https://launchpad.net/i2ce/4.0/4.0.3/+download/ihris-suite-4_0_3.tar.bz2	41f887617ec1ca685a6b31031dd2b55f ihris-suite-4_0_3.tar.bz2
https://launchpad.net/i2ce/4.0/4.0.4/+download/I2CE-4_0_4.tar.bz2	4381d08ab2ecf9b63f3b4cf66b4b5311 I2CE-4_0_4.tar.bz2
https://launchpad.net/i2ce/4.0/4.0.5/+download/ihris-suite-4_0_5.tar.bz2	82f25c56d8f8fba86f9c74095fd1dda3 ihris-suite-4_0_5.tar.bz2
https://launchpad.net/i2ce/4.0/4.0.4/+download/I2CE-full-4_0_4.tar.bz2	a8eda510a2731434316ef7f8f86f9ca5 I2CE-full-4_0_4.tar.bz2
https://launchpad.net/i2ce/4.0/4.0.4/+download/ihris-suite-4_0_4.tar.bz2	547da3f3842b6fd9e2a6dc53624621af ihris-suite-4_0_4.tar.bz2
https://launchpad.net/i2ce/4.0/4.0.5/+download/I2CE-full-4_0_5.tar.bz2	47c10fc30f7009d2b55cbb3f9292a624 I2CE-full-4_0_5.tar.bz2
https://launchpad.net/i2ce/4.0/4.0.6/+download/I2CE-4_0_6.tar.bz2	82dd84811f090881d9017c11e0de3249 I2CE-4_0_6.tar.bz2
https://launchpad.net/i2ce/4.0/4.0.6/+download/ihris-suite-4_0_6.tar.bz2	e90745aa4cc7c0a7d4bb849ce3962e9f ihris-suite-4_0_6.tar.bz2
https://launchpad.net/i2ce/4.0/4.0.8/+download/I2CE-4.0.8.tar.bz2	7792c5aba2d601f8b8a6a64e2530364f I2CE-4.0.8.tar.bz2
https://launchpad.net/i2ce/4.0/4.0.6/+download/I2CE-full-4_0_6.tar.bz2	5565a85282d09b29d996aff1350ddcb4 I2CE-full-4_0_6.tar.bz2
https://launchpad.net/i2ce/4.0/4.0.5/+download/I2CE-4_0_5.tar.bz2	9febbd589f233294c03568640837bf33 I2CE-4_0_5.tar.bz2
https://launchpad.net/i2ce/4.0/4.0.8/+download/I2CE-full-4.0.8.tar.bz2	d79ceb91eb03abe5b3a1468c18ba66b4 I2CE-full-4.0.8.tar.bz2
https://launchpad.net/i2ce/4.0/4.0.7/+download/ihris-suite-4_0_7.tar.bz2	41d319eb2579f9d8fd2dec7792b91162 ihris-suite-4_0_7.tar.bz2
https://launchpad.net/i2ce/4.0/4.0.8/+download/ihris-suite-4.0.8.tar.bz2	c387d9187c09095b4b6393b995d9815c ihris-suite-4.0.8.tar.bz2
https://launchpad.net/i2ce/4.0/4.0.9/+download/I2CE-4.0.9.tar.bz2	c591f327c511ab9832f44020d0287fd6 I2CE-4.0.9.tar.bz2
https://launchpad.net/i2ce/4.0/4.0.9/+download/I2CE-full-4.0.9.tar.bz2	f072a11605742b49103ebdaa5e6c8092 I2CE-full-4.0.9.tar.bz2
https://launchpad.net/i2ce/4.1/4.1.1/+download/I2CE-full-4.1.1.tar.bz2	6ea2299e13f39914661c6a92fd98eb20 I2CE-full-4.1.1.tar.bz2
https://launchpad.net/i2ce/4.1/4.1.0/+download/I2CE-4.1.0.tar.bz2	fdd1e45b70ca3b639b7188f52c64fcbc I2CE-4.1.0.tar.bz2
https://launchpad.net/i2ce/4.1/4.1.0/+download/ihris-suite-4.1.0.tar.bz2	181b0cd30cfcc378d231257f0d0a9a2e ihris-suite-4.1.0.tar.bz2
https://launchpad.net/i2ce/4.1/4.1.10/+download/ihris-suite-4.1.10.tar.bz2	3c2e958d7a8d1d366b56d861ec644810 ihris-suite-4.1.10.tar.bz2
https://launchpad.net/i2ce/4.1/4.1.1/+download/ihris-suite-4.1.1.tar.bz2	0b3b9fadeab375d87951607950cc1bd1 ihris-suite-4.1.1.tar.bz2
https://launchpad.net/i2ce/4.1/4.1.10/+download/I2CE-4.1.10.tar.bz2	992fd4b40bc1bce706a0f987f648ccd7 I2CE-4.1.10.tar.bz2
https://launchpad.net/i2ce/4.1/4.1.11/+download/I2CE-full-4.1.11.tar.bz2	2d1548fbe82ec430856c881450ac7ebd I2CE-full-4.1.11.tar.bz2
https://launchpad.net/i2ce/4.1/4.1.10/+download/I2CE-full-4.1.10.tar.bz2	3c8b989a2671379f8acd60d209abf91b I2CE-full-4.1.10.tar.bz2
https://launchpad.net/i2ce/4.1/4.1.11/+download/I2CE-4.1.11.tar.bz2	6460a1e69a8e198d6ed35f21d6789c10 I2CE-4.1.11.tar.bz2
https://launchpad.net/i2ce/4.1/4.1.1/+download/I2CE-4.1.1.tar.bz2	82c55e87ef4cc8ec7564f03803639f40 I2CE-4.1.1.tar.bz2
https://launchpad.net/i2ce/4.1/4.1.12/+download/I2CE-4.1.12.tar.bz2	3dc4ac66344afb515808faf45687f293 I2CE-4.1.12.tar.bz2
https://launchpad.net/i2ce/4.1/4.1.2/+download/I2CE-4.1.2.tar.bz2	36a194d16ac480bf789513b00f3564ac I2CE-4.1.2.tar.bz2
https://launchpad.net/i2ce/4.1/4.1.12/+download/I2CE-full-4.1.12.tar.bz2	dfa4e34974f7ad601b2d2574cb87e965 I2CE-full-4.1.12.tar.bz2
https://launchpad.net/i2ce/4.1/4.1.11/+download/ihris-suite-4.1.11.tar.bz2	0c33474a7f698ba5060960af98a5cbe8 ihris-suite-4.1.11.tar.bz2
https://launchpad.net/i2ce/4.1/4.1.12/+download/ihris-suite-4.1.12.tar.bz2	5a976503d475a6a1ae710d7224c424fd ihris-suite-4.1.12.tar.bz2
https://launchpad.net/i2ce/4.1/4.1.2/+download/I2CE-full-4.1.2.tar.bz2	fa5bb6a29825d02c6baa8130f61ac74a I2CE-full-4.1.2.tar.bz2
https://launchpad.net/i2ce/4.1/4.1.2/+download/ihris-suite-4.1.2.tar.bz2	2a83015bce65445fed0f6e0ad71ae5b8 ihris-suite-4.1.2.tar.bz2
https://launchpad.net/i2ce/4.1/4.1.3/+download/I2CE-4.1.3.tar.bz2	7b1d355e529f217ec94a5c396b2d01a6 I2CE-4.1.3.tar.bz2
https://launchpad.net/i2ce/4.1/4.1.3/+download/I2CE-full-4.1.3.tar.bz2	7cbec02a3563b1bd3a1924cfd8e3dc37 I2CE-full-4.1.3.tar.bz2
https://launchpad.net/i2ce/4.1/4.1.3/+download/ihris-suite-4.1.3.tar.bz2	189750fd5e70bb1b5497c443a2ac0e34 ihris-suite-4.1.3.tar.bz2
https://launchpad.net/i2ce/4.1/4.1.4/+download/I2CE-full-4.1.4.tar.bz2	4e1d05ec822ea4a2cc3e73bed24ab015 I2CE-full-4.1.4.tar.bz2
https://launchpad.net/i2ce/4.1/4.1.4/+download/I2CE-4.1.4.tar.bz2	4e05fb307c29b7387ef2556d3ac1096c I2CE-4.1.4.tar.bz2
https://launchpad.net/i2ce/4.1/4.1.4/+download/ihris-suite-4.1.4.tar.bz2	f3c96409cbcb9179cb17bda06223e683 ihris-suite-4.1.4.tar.bz2
https://launchpad.net/i2ce/4.1/4.1.5/+download/ihris-suite-4.1.5.tar.bz2	615b9df2e2a25686639b384a3198b538 ihris-suite-4.1.5.tar.bz2
https://launchpad.net/i2ce/4.1/4.1.9/+download/I2CE-4.1.9.tar.bz2	1dbcf19c7bc38812ebe04b1b0ca1209b I2CE-4.1.9.tar.bz2
https://launchpad.net/i2ce/4.1/4.1.9/+download/ihris-suite-4.1.9.tar.bz2	ce69eee1509021d75382ab158615326a ihris-suite-4.1.9.tar.bz2
https://launchpad.net/i2ce/4.1/4.1.6/+download/ihris-suite-4.1.6.tar.bz2	60ef04bc7d145b1102242f18e232102b ihris-suite-4.1.6.tar.bz2
https://launchpad.net/i2ce/4.1/4.1.9/+download/I2CE-full-4.1.9.tar.bz2	42395ab48e23bd15c68af13e0dd4cf84 I2CE-full-4.1.9.tar.bz2
https://launchpad.net/i2ce/4.2/4.2.1/+download/i2ce-4.2.1.tar.bz2	6b521858a2207c6adfbbac1b7d71faf7 i2ce-4.2.1.tar.bz2
https://launchpad.net/i2ce/4.2/4.2.1/+download/ihris-suite-4.2.1.tar.bz2	2688cf0f4a9b4bd6f8220d0fc7b57754 ihris-suite-4.2.1.tar.bz2
https://launchpad.net/i2ce/4.3/4.3.0/+download/ihris-suite-4.3.0.tar.bz2	5b4a8e10fae9bafcadd1a7df3f8743ba ihris-suite-4.3.0.tar.bz2
https://launchpad.net/i2ce/4.1/4.1.7/+download/ihris-suite-4.1.7.tar.bz2	5258c9ae190692d968cdf38be50f7324 ihris-suite-4.1.7.tar.bz2
https://launchpad.net/i2ce/4.2/4.2.1/+download/i2ce-full-4.2.1.tar.bz2	edc46bbb5b1e19a93bf849b740a850dc i2ce-full-4.2.1.tar.bz2
https://launchpad.net/i2ce/4.3/4.3.3/+download/i2ce-4.3.3.tar.bz2	8bf7d90d6688c94a11a548830a289237 i2ce-4.3.3.tar.bz2
https://launchpad.net/i2ce/4.3/4.3.0/+download/i2ce-full-4.3.0.tar.bz2	c8a1c22478d41fd4d92a534ee31403ab i2ce-full-4.3.0.tar.bz2
https://launchpad.net/i2ce/4.3/4.3.2/+download/i2ce-4.3.2.tar.bz2	7fb1b311da7e871501829d48de242e07 i2ce-4.3.2.tar.bz2
https://launchpad.net/i2ce/4.3/4.3.2/+download/i2ce-full-4.3.2.tar.bz2	8359eb3490ecf2d52f4d6194a9a8b02e i2ce-full-4.3.2.tar.bz2
https://launchpad.net/i2ce/4.3/4.3.2/+download/ihris-suite-4.3.2.tar.bz2	e7d6d50eea7b8272c23379dfa6e762c0 ihris-suite-4.3.2.tar.bz2
https://launchpad.net/i2ce/4.3/4.3.0/+download/i2ce-4.3.0.tar.bz2	8aa2ee5ac99809b3e83b4797dd4314f5 i2ce-4.3.0.tar.bz2
https://launchpad.net/i2ce/4.3/4.3.3/+download/i2ce-full-4.3.3.tar.bz2	524fafa01e2fcb114ba6fe35b16a01db i2ce-full-4.3.3.tar.bz2
https://launchpad.net/i2ce/4.1/4.1.8/+download/ihris-suite-4.1.8.tar.bz2	ade14eaaf3e0e2759bd200bfe19f1914 ihris-suite-4.1.8.tar.bz2
https://launchpad.net/ihris-common/3.0/3.0.0/+download/ihris-common-full-3_0_0.tar.bz2	a3051bc061ab5157562983f1162cfeb0 ihris-common-full-3_0_0.tar.bz2
https://launchpad.net/i2ce/4.3/4.3.3/+download/ihris-suite-4.3.3.tar.bz2	398b1808ba0f4528a8c204ad7eea090a ihris-suite-4.3.3.tar.bz2
https://launchpad.net/ihris-common/3.0/3.0.0/+download/ihris-common-3_0_0a.tar.bz2	5dfd03e64a346d0a1854c1cc51b8bfdd ihris-common-3_0_0a.tar.bz2
https://launchpad.net/ihris-common/3.0/3.0.0/+download/ihris-common-full-3_0_0a.tar.bz2	2311a66e4b3d53d547f6f548fe89bda8 ihris-common-full-3_0_0a.tar.bz2
https://launchpad.net/ihris-common/3.0/3.0.0/+download/ihris-common-3_0_0.tar.bz2	5dfd03e64a346d0a1854c1cc51b8bfdd ihris-common-3_0_0.tar.bz2
https://launchpad.net/ihris-common/3.1/3.1.0/+download/README_iHRISfull.txt	780da76e923545f63ba3ab80579faf87 README_iHRISfull.txt
https://launchpad.net/ihris-common/3.1/3.1.0/+download/ihris-common-3_1_0.tar.bz2	9c81d71dbf157158b650e15616b69b59 ihris-common-3_1_0.tar.bz2
https://launchpad.net/ihris-common/3.1/3.1.1/+download/ihris-common-3_1_1.tar.bz2	9d7ddc2b6b5550ceeed4f4ab664e17ba ihris-common-3_1_1.tar.bz2
https://launchpad.net/ihris-common/3.1/3.1.1/+download/ihris-common-full-3_1_1.tar.bz2	ea19e70e0b78fe228dd244503ffb7211 ihris-common-full-3_1_1.tar.bz2
https://launchpad.net/ihris-common/3.1/3.1.0/+download/ihris-common-full-3_1_0.tar.bz2	5dad7bddc21c1095504bab7e01994b70 ihris-common-full-3_1_0.tar.bz2
https://launchpad.net/ihris-common/3.1/3.1.2/+download/ihris-common-full-3_1_2.tar.bz2	2ac42654dc868835fad8d7f52a4ad418 ihris-common-full-3_1_2.tar.bz2
https://launchpad.net/ihris-common/3.1/3.1.2/+download/ihris-common-3_1_2.tar.bz2	3bbb721ac17192170495476b3d1af52f ihris-common-3_1_2.tar.bz2
https://launchpad.net/ihris-common/3.1/3.1.4/+download/ihris-common-3_1_4.tar.bz2	0819e573af8102c75b57e8367c7da2a6 ihris-common-3_1_4.tar.bz2
https://launchpad.net/ihris-common/3.1/3.1.4/+download/ihris-common-full-3_1_4.tar.bz2	a47c8f513600e701ae8797be7771b07b ihris-common-full-3_1_4.tar.bz2
https://launchpad.net/ihris-common/3.1/3.1.3/+download/ihris-common-3_1_3.tar.bz2	47179133b594d6ba3bb51026bd5b5ab9 ihris-common-3_1_3.tar.bz2
https://launchpad.net/ihris-common/4.0/4.0.0/+download/ihris-common-full-4_0_0.tar.bz2	921363169a9304012165f9a17928b5b9 ihris-common-full-4_0_0.tar.bz2
https://launchpad.net/ihris-common/3.1/3.1.3/+download/ihris-common-full-3_1_3.tar.bz2	4127b99ed37b2262bd67177d2fdc5d24 ihris-common-full-3_1_3.tar.bz2
https://launchpad.net/ihris-common/4.0/4.0.0/+download/README_4_0_0.txt	9eaa07e7d2473c61f27c5d89016ba157 README_4_0_0.txt
https://launchpad.net/ihris-common/4.0/4.0.0/+download/ihris-common-4_0_0.tar.bz2	1682711d8a2b9ad72fafccd3747bd475 ihris-common-4_0_0.tar.bz2
https://launchpad.net/ihris-common/4.0/4.0.11/+download/ihris-common-4.0.11.tar.bz2	2bbb3c38202bcac513510f23c594d835 ihris-common-4.0.11.tar.bz2
https://launchpad.net/ihris-common/4.0/4.0.10/+download/ihris-common-4.0.10.tar.bz2	6af35fcb8cb49ffae87a540d4117f160 ihris-common-4.0.10.tar.bz2
https://launchpad.net/ihris-common/4.0/4.0.12/+download/ihris-common-4.0.12.tar.bz2	80ae642ae7c9f273327fd99be8dff6e5 ihris-common-4.0.12.tar.bz2
https://launchpad.net/ihris-common/4.0/4.0.11/+download/ihris-common-full-4.0.11.tar.bz2	6e27bc85ed6117e0aabd4dabfa6b12e6 ihris-common-full-4.0.11.tar.bz2
https://launchpad.net/ihris-common/4.0/4.0.1/+download/ihris-common-4_0_1.tar.bz2	890b6ff764a3877284fe31b076fa8180 ihris-common-4_0_1.tar.bz2
https://launchpad.net/ihris-common/4.0/4.0.14/+download/ihris-common-4.0.14.tar.bz2	6c21af3ba0afdce3d6d5caf4d53fa91e ihris-common-4.0.14.tar.bz2
https://launchpad.net/ihris-common/4.0/4.0.1/+download/ihris-common-full-4_0_1.tar.bz2	70a3512c9f2b00d6ea183af970ed5d04 ihris-common-full-4_0_1.tar.bz2
https://launchpad.net/ihris-common/4.0/4.0.14/+download/ihris-common-full-4.0.14.tar.bz2	94203cfa8f48d6a10ef89b9e47eb0cba ihris-common-full-4.0.14.tar.bz2
https://launchpad.net/ihris-common/4.0/4.0.12/+download/ihris-common-full-4.0.12.tar.bz2	f7d2437e0c6837cd0bb33ff7f410679c ihris-common-full-4.0.12.tar.bz2
https://launchpad.net/ihris-common/4.0/4.0.16/+download/ihris-common-4.0.16.tar.bz2	c856b834becd344f4a88e81c4ad184f7 ihris-common-4.0.16.tar.bz2
https://launchpad.net/ihris-common/4.0/4.0.18/+download/ihris-common-full-4.0.18.tar.bz2	367a9fba5ec9ea7117773a213e2123c7 ihris-common-full-4.0.18.tar.bz2
https://launchpad.net/ihris-common/4.0/4.0.19/+download/ihris-common-full-4.0.19.tar.bz2	915ba6bcce42e6a638ffe95945d6973f ihris-common-full-4.0.19.tar.bz2
https://launchpad.net/ihris-common/4.0/4.0.17/+download/ihris-common-4.1.0.tar.bz2	26877ecd5b09431c5db08c2d622c0bbf ihris-common-4.1.0.tar.bz2
https://launchpad.net/ihris-common/4.0/4.0.19/+download/ihris-common-4.0.19.tar.bz2	48816dacffe355172e0cb720894d7fdd ihris-common-4.0.19.tar.bz2
https://launchpad.net/ihris-common/4.0/4.0.18/+download/ihris-common-4.0.18.tar.bz2	65b319af1a39b8a1de43424fb216c804 ihris-common-4.0.18.tar.bz2
https://launchpad.net/ihris-common/4.0/4.0.21/+download/ihris-common-full-4.0.21.tar.bz2	c023ccf73d07b95825b225ff71811e46 ihris-common-full-4.0.21.tar.bz2
https://launchpad.net/ihris-common/4.0/4.0.22/+download/ihris-common-4.0.22.tar.bz2	e94e765685bd70773f511f4584745d64 ihris-common-4.0.22.tar.bz2
https://launchpad.net/ihris-common/4.0/4.0.2/+download/ihris-common-4_0_2.tar.bz2	32172f6880f7be85275596dd7cff8a19 ihris-common-4_0_2.tar.bz2
https://launchpad.net/ihris-common/4.0/4.0.23/+download/ihris-common-4.0.23.tar.bz2	6daf65a0f4ed65c97b99afb814d18f90 ihris-common-4.0.23.tar.bz2
https://launchpad.net/ihris-common/4.0/4.0.22/+download/ihris-common-full-4.0.22.tar.bz2	e5265eee4a069e591ea20319b4dba838 ihris-common-full-4.0.22.tar.bz2
https://launchpad.net/ihris-common/4.0/4.0.21/+download/ihris-common-4.0.21.tar.bz2	33ae3058a99910fab7c269993599dd5c ihris-common-4.0.21.tar.bz2
https://launchpad.net/ihris-common/4.0/4.0.3/+download/ihris-common-4_0_3.tar.bz2	00757915807d93df8398aeaf334f2be1 ihris-common-4_0_3.tar.bz2
https://launchpad.net/ihris-common/4.0/4.0.4/+download/ihris-common-4_0_4.tar.bz2	867fa29d01074730119fe59cacf28763 ihris-common-4_0_4.tar.bz2
https://launchpad.net/ihris-common/4.0/4.0.3/+download/ihris-common-full-4_0_3.tar.bz2	6249dd63c3e3d2e092de43ef118adad6 ihris-common-full-4_0_3.tar.bz2
https://launchpad.net/ihris-common/4.0/4.0.23/+download/ihris-common-full-4.0.23.tar.bz2	f0b47cea75fad1d067f32b4f387134bf ihris-common-full-4.0.23.tar.bz2
https://launchpad.net/ihris-common/4.0/4.0.4/+download/ihris-common-full-4_0_4.tar.bz2	c8daab5b117d9c48a05687d0079c1607 ihris-common-full-4_0_4.tar.bz2
https://launchpad.net/ihris-common/4.0/4.0.5/+download/ihris-common-full-4_0_5.tar.bz2	dbc275325a242602620e2eb5a2997d32 ihris-common-full-4_0_5.tar.bz2
https://launchpad.net/ihris-common/4.0/4.0.5/+download/ihris-common-4_0_5.tar.bz2	4827b86d6a95c132fe81a7f1c4c3705c ihris-common-4_0_5.tar.bz2
https://launchpad.net/ihris-common/4.1/4.1.1/+download/ihris-common-4.1.1.tar.bz2	ee32a27fc646852042887c735c0ee2c1 ihris-common-4.1.1.tar.bz2
https://launchpad.net/ihris-common/4.0/4.0.6/+download/ihris-common-4_0_6.tar.bz2	5cee1dc20c750862cc05428da9b2fac4 ihris-common-4_0_6.tar.bz2
https://launchpad.net/ihris-common/4.0/4.0.8/+download/ihris-common-4.0.8.tar.bz2	eee660bf51079ab13c8459a3de91b520 ihris-common-4.0.8.tar.bz2
https://launchpad.net/ihris-common/4.1/4.1.10/+download/ihris-common-4.1.10.tar.bz2	1d285e2bfb01b47f07c336554cd2b320 ihris-common-4.1.10.tar.bz2
https://launchpad.net/ihris-common/4.1/4.1.10/+download/ihris-common-full-4.1.10.tar.bz2	e3cff6ff86dd7a35b6c576b4f9baf4be ihris-common-full-4.1.10.tar.bz2
https://launchpad.net/ihris-common/4.1/4.1.1/+download/ihris-common-full-4.1.1.tar.bz2	d682d7cff9b258c66067e7016c4b21d6 ihris-common-full-4.1.1.tar.bz2
https://launchpad.net/ihris-common/4.0/4.0.6/+download/ihris-common-full-4_0_6.tar.bz2	e1e6a7cb01d0d73b2b3e936c0cb9c5bd ihris-common-full-4_0_6.tar.bz2
https://launchpad.net/ihris-common/4.1/4.1.11/+download/ihris-common-full-4.1.11.tar.bz2	997d1abea063776389ec37126ca4e86c ihris-common-full-4.1.11.tar.bz2
https://launchpad.net/ihris-common/4.1/4.1.11/+download/ihris-common-4.1.11.tar.bz2	ef3cacbbb71340a7a75532d327f50e61 ihris-common-4.1.11.tar.bz2
https://launchpad.net/ihris-common/4.1/4.1.2/+download/ihris-common-4.1.2.tar.bz2	4ca0998b2412239833a58c842be05e3f ihris-common-4.1.2.tar.bz2
https://launchpad.net/ihris-common/4.0/4.0.8/+download/ihris-common-full-4.0.8.tar.bz2	5dae3bc47f2a05f469671eb363daab92 ihris-common-full-4.0.8.tar.bz2
https://launchpad.net/ihris-common/4.1/4.1.12/+download/ihris-common-4.1.12.tar.bz2	fdad37bfa966cec0083fcb1ae4d43158 ihris-common-4.1.12.tar.bz2
https://launchpad.net/ihris-common/4.1/4.1.12/+download/ihris-common-full-4.1.12.tar.bz2	531a76f171b451ee6c46f92a265e0fe9 ihris-common-full-4.1.12.tar.bz2
https://launchpad.net/ihris-common/4.1/4.1.2/+download/ihris-common-full-4.1.2.tar.bz2	ec33e5f4a5ee0e8d9e4b2d51883acdd3 ihris-common-full-4.1.2.tar.bz2
https://launchpad.net/ihris-common/4.1/4.1.9/+download/ihris-common-4.1.9.tar.bz2	7bbd51f165b47a0ed0f3f6285207ae04 ihris-common-4.1.9.tar.bz2
https://launchpad.net/ihris-common/4.1/4.1.3/+download/ihris-common-4.1.3.tar.bz2	49f0d8050d3b52dd03a41ed5620142d4 ihris-common-4.1.3.tar.bz2
https://launchpad.net/ihris-common/4.1/4.1.3/+download/ihris-common-full-4.1.3.tar.bz2	a79deecd30c15e32c8bbea622baab4a3 ihris-common-full-4.1.3.tar.bz2
https://launchpad.net/ihris-common/4.1/4.1.4/+download/ihris-common-4.1.4.tar.bz2	dcae61296cce07c412c986df2b0154ee ihris-common-4.1.4.tar.bz2
https://launchpad.net/ihris-common/4.2/4.2.1/+download/ihris-common-4.2.1.tar.bz2	6d76c2d0924bfa6ede668c512d966118 ihris-common-4.2.1.tar.bz2
https://launchpad.net/ihris-common/4.1/4.1.4/+download/ihris-common-full-4.1.4.tar.bz2	6f8cc6accf20c70b60e8bc6b146a576d ihris-common-full-4.1.4.tar.bz2
https://launchpad.net/ihris-common/4.1/4.1.5/+download/ihris-common-full-4.1.5.tar.bz2	7599296845087ff19b67c2a3bb50ddd9 ihris-common-full-4.1.5.tar.bz2
https://launchpad.net/ihris-common/4.1/4.1.5/+download/ihris-common-4.1.5.tar.bz2	a6914e6e9ffcffa4eda9041fd8201d9c ihris-common-4.1.5.tar.bz2
https://launchpad.net/ihris-common/4.1/4.1.9/+download/ihris-common-full-4.1.9.tar.bz2	dc9e8738ed319a9acf709b6b63c3d2e3 ihris-common-full-4.1.9.tar.bz2
https://launchpad.net/ihris-common/4.3/4.3.0/+download/ihris-common-4.3.0.tar.bz2	1a981f86955bd8ff8aa02af04b9c49cc ihris-common-4.3.0.tar.bz2
https://launchpad.net/ihris-common/4.2/4.2.1/+download/ihris-common-full-4.2.1.tar.bz2	df467c8153bcd72bff58ab52a2d95cfe ihris-common-full-4.2.1.tar.bz2
https://launchpad.net/ihris-common/4.3/4.3.2/+download/ihris-common-4.3.2.tar.bz2	b9295dae4a44b8079210084f2c507319 ihris-common-4.3.2.tar.bz2
https://launchpad.net/ihris-common/4.3/4.3.0/+download/ihris-common-full-4.3.0.tar.bz2	9d73a13c0b8e970b03c7f2becdda9641 ihris-common-full-4.3.0.tar.bz2
https://launchpad.net/ihris-common/4.3/4.3.2/+download/ihris-common-full-4.3.2.tar.bz2	7dfb1200056e615f1c2e952fbf9b21db ihris-common-full-4.3.2.tar.bz2
https://launchpad.net/ihris-common/4.3/4.3.3/+download/ihris-common-4.3.3.tar.bz2	4b67fac7614cb49fcf3c53e9c500761a ihris-common-4.3.3.tar.bz2
https://launchpad.net/ihris-common/4.3/4.3.3/+download/ihris-common-full-4.3.3.tar.bz2	d61f621f0e4aded092cc4db857d48038 ihris-common-full-4.3.3.tar.bz2
https://launchpad.net/ihris-manage/3.0/3.0.0/+download/ihris-manage-3_0_0.tar.bz2	6583ceea62e16d62d996673246f9697b ihris-manage-3_0_0.tar.bz2
https://launchpad.net/ihris-manage/2.0/2.0a/+download/OfflineIHRIS2.0.exe.asc	df637587285481d324b49e2138c4986d OfflineIHRIS2.0.exe.asc
https://launchpad.net/ihris-manage/2.0/2.0a/+download/OfflineIHRIS2.0.exe	b7b5330fdd508b73436f511c363ce2f4 OfflineIHRIS2.0.exe
https://launchpad.net/ihris-manage/3.0/3.0.0/+download/ihris-manage-3_0_0a.tar.bz2	d893f30596d96dd7d7d1075f3ee6d451 ihris-manage-3_0_0a.tar.bz2
https://launchpad.net/ihris-manage/3.0/3.0.0/+download/ihris-manage-full-3_0_0.tar.bz2	9b4870818ce7c3056e24802f0af4abb9 ihris-manage-full-3_0_0.tar.bz2
https://launchpad.net/ihris-manage/3.0/3.0.0/+download/ihris-manage-full-3_0_0a.tar.bz2	68d63fa77a28eba7be7ec219ca09477f ihris-manage-full-3_0_0a.tar.bz2
https://launchpad.net/ihris-manage/3.1/3.1.0/+download/README_iHRISfull.txt	780da76e923545f63ba3ab80579faf87 README_iHRISfull.txt
https://launchpad.net/ihris-manage/3.1/3.1.2/+download/OfflineIHRIS-3.1.2.exe	ec73d0be1545e3ffb9968961302c6577 OfflineIHRIS-3.1.2.exe
https://launchpad.net/ihris-manage/3.1/3.1.1/+download/ihris-manage-3_1_1.tar.bz2	f7926804b6540773841aa7a6e3a13a16 ihris-manage-3_1_1.tar.bz2
https://launchpad.net/ihris-manage/3.1/3.1.2/+download/README_iHRIS_Suite_3.1.2.txt	f59ae37f07e6f6ed6efea3bebd23ec96 README_iHRIS_Suite_3.1.2.txt
https://launchpad.net/ihris-manage/3.1/3.1.0/+download/ihris-manage-full-3_1_0.tar.bz2	4e9e68d67d782b344ab46a1da2315a05 ihris-manage-full-3_1_0.tar.bz2
https://launchpad.net/ihris-manage/3.1/3.1.0/+download/ihris-manage-3_1_0.tar.bz2	5de1f7fae74bf8f78d799c1d64b84a55 ihris-manage-3_1_0.tar.bz2
https://launchpad.net/ihris-manage/3.1/3.1.1/+download/ihris-manage-full-3_1_1.tar.bz2	ac31e13928bd85bf23d04672dd46c44e ihris-manage-full-3_1_1.tar.bz2
https://launchpad.net/ihris-manage/3.1/3.1.2/+download/ihris-manage-3_1_2.tar.bz2	4924d7e18e7f878dde531c6ef5971ea4 ihris-manage-3_1_2.tar.bz2
https://launchpad.net/ihris-manage/3.1/3.1.1/+download/README_iHRIS_Suite_3.1.1.txt	b525605c35702597547eeace14d2f543 README_iHRIS_Suite_3.1.1.txt
https://launchpad.net/ihris-manage/3.1/3.1.3/+download/Readme_v3.1.3.txt	7314fcd3fae753e50fdd19c3044f471e Readme_v3.1.3.txt
https://launchpad.net/ihris-manage/3.1/3.1.2/+download/ihris-manage-full-3_1_2.tar.bz2	745ee500a66146f6d297c41f0ab652aa ihris-manage-full-3_1_2.tar.bz2
https://launchpad.net/ihris-manage/3.1/3.1.3/+download/ihris-manage-full-3_1_3.tar.bz2	1bb78bd975f45a0ad5e35c567e135480 ihris-manage-full-3_1_3.tar.bz2
https://launchpad.net/ihris-manage/3.1/3.1.4/+download/ProfDevelopment.tgz	4c25be96f2688c7548f822321099d352 ProfDevelopment.tgz
https://launchpad.net/ihris-manage/3.1/3.1.3/+download/ihris-manage-3_1_3.tar.bz2	aa1af205c0a0014cf4419cecd9192c3f ihris-manage-3_1_3.tar.bz2
https://launchpad.net/ihris-manage/3.1/3.1.4/+download/README_v3.1.4.txt	fb670a0c3a258d61e88f6ed4c1b2842c README_v3.1.4.txt
https://launchpad.net/ihris-manage/4.0/4.0.0/+download/ihris-manage-4_0_0.tar.bz2	b4d639a674cf1a3ed9f92dc80ad6a595 ihris-manage-4_0_0.tar.bz2
https://launchpad.net/ihris-manage/3.1/3.1.4/+download/ihris-manage-3_1_4.tar.bz2	4c794d5bd2c97c6823c6a86ac08d4db2 ihris-manage-3_1_4.tar.bz2
https://launchpad.net/ihris-manage/3.1/3.1.4/+download/ihris-manage-full-3_1_4.tar.bz2	58651ff65a600f5ac014671ffa9db477 ihris-manage-full-3_1_4.tar.bz2
https://launchpad.net/ihris-manage/4.0/4.0.11/+download/ihris-manage-4.0.11.tar.bz2	c9fa3a516119cd617f9548613ed0531f ihris-manage-4.0.11.tar.bz2
https://launchpad.net/ihris-manage/4.0/4.0.10/+download/ihris-manage-4.0.10.tar.bz2	4fc675bb924f453db8fabd3acb0d2c25 ihris-manage-4.0.10.tar.bz2
https://launchpad.net/ihris-manage/4.0/4.0.0/+download/README_4_0_0.txt	9eaa07e7d2473c61f27c5d89016ba157 README_4_0_0.txt
https://launchpad.net/ihris-manage/4.0/4.0.11/+download/ihris-manage-full-4.0.11.tar.bz2	1e58aeee1ed604ef8fd479db258e052f ihris-manage-full-4.0.11.tar.bz2
https://launchpad.net/ihris-manage/4.0/4.0.1/+download/ihris-manage-full-4_0_1.tar.bz2	3781a14fa58b67db0c93edf5773bad82 ihris-manage-full-4_0_1.tar.bz2
https://launchpad.net/ihris-manage/4.0/4.0.12/+download/ihris-manage-full-4.0.12.tar.bz2	acdc7d36c0c5b9540cf0c702a7d25028 ihris-manage-full-4.0.12.tar.bz2
https://launchpad.net/ihris-manage/4.0/4.0.1/+download/ihris-manage-4_0_1.tar.bz2	8c0d518879cb23c68e1837e03bc78d01 ihris-manage-4_0_1.tar.bz2
https://launchpad.net/ihris-manage/4.0/4.0.12/+download/ihris-manage-4.0.12.tar.bz2	6d58b57291b41f3ad3af761b5b6ad17f ihris-manage-4.0.12.tar.bz2
https://launchpad.net/ihris-manage/4.0/4.0.14/+download/ihris-manage-full-4.0.14.tar.bz2	94477fd387610093ed89da7f387859e4 ihris-manage-full-4.0.14.tar.bz2
https://launchpad.net/ihris-manage/4.0/4.0.14/+download/ihris-manage-4.0.14.tar.bz2	6f0c70ce554b56e09179c78768ad3ae8 ihris-manage-4.0.14.tar.bz2
https://launchpad.net/ihris-manage/4.0/4.0.10/+download/ihris-manage-full-4.0.10.tar.bz2	8c705d19f2a143be64665370ee32919b ihris-manage-full-4.0.10.tar.bz2
https://launchpad.net/ihris-manage/4.0/4.0.15/+download/ihris-manage-4.0.15.tar.bz2	d1bc33f71f915ae8b68295171da6ba2a ihris-manage-4.0.15.tar.bz2
https://launchpad.net/ihris-manage/4.0/4.0.0/+download/ihris-manage-full-4_0_0.tar.bz2	9f0df1925a44843199674fd7c2c57ccd ihris-manage-full-4_0_0.tar.bz2
https://launchpad.net/ihris-manage/4.0/4.0.16/+download/ihris-manage-4.0.16.tar.bz2	913f361c5e468d9a759ad07d736e68f2 ihris-manage-4.0.16.tar.bz2
https://launchpad.net/ihris-manage/4.0/4.0.18/+download/ihris-manage-full-4.0.18.tar.bz2	306aba907b54aad886605218308c8551 ihris-manage-full-4.0.18.tar.bz2
https://launchpad.net/ihris-manage/4.0/4.0.15/+download/ihris-manage-full-4.0.15.tar.bz2	93adb96311449fe5f5d12d3843f2a463 ihris-manage-full-4.0.15.tar.bz2
https://launchpad.net/ihris-manage/4.0/4.0.17/+download/ihris-manage-4.0.17.tar.bz2	4a91adf5937a63249b463424eb036b83 ihris-manage-4.0.17.tar.bz2
https://launchpad.net/ihris-manage/4.0/4.0.19/+download/ihris-manage-full-4.0.19.tar.bz2	f080ddc0509dae8b9a9a2b73083f8139 ihris-manage-full-4.0.19.tar.bz2
https://launchpad.net/ihris-manage/4.0/4.0.2/+download/ihris-manage-full-4_0_2.tar.bz2	a0660dd02ecf8292d8b0735b9489c20a ihris-manage-full-4_0_2.tar.bz2
https://launchpad.net/ihris-manage/4.0/4.0.2/+download/ihris-manage-4_0_2.tar.bz2	083603b5ad69a636e39469a3746dd45b ihris-manage-4_0_2.tar.bz2
https://launchpad.net/ihris-manage/4.0/4.0.18/+download/ihris-manage-4.0.18.tar.bz2	5d4564cfb9284a10c3b2e8ecfb6d31a6 ihris-manage-4.0.18.tar.bz2
https://launchpad.net/ihris-manage/4.0/4.0.17/+download/ihris-manage-full-4.0.17.tar.bz2	3b8c72028b1004c8d444afecfc43ef2f ihris-manage-full-4.0.17.tar.bz2
https://launchpad.net/ihris-manage/4.0/4.0.19/+download/ihris-manage-4.0.19.tar.bz2	83de967b739f9f843b0e1c5db2cc517d ihris-manage-4.0.19.tar.bz2
https://launchpad.net/ihris-manage/4.0/4.0.21/+download/ihris-manage-full-4.0.21.tar.bz2	99c49bc3c86f32ae88a8aa37043c3093 ihris-manage-full-4.0.21.tar.bz2
https://launchpad.net/ihris-manage/4.0/4.0.16/+download/ihris-manage-full-4.0.16.tar.bz2	5fb604ef29e00b980ec552b24ef4c120 ihris-manage-full-4.0.16.tar.bz2
https://launchpad.net/ihris-manage/4.0/4.0.21/+download/ihris-manage-4.0.21.tar.bz2	33a61228a7a5c1e097834f975dc704c5 ihris-manage-4.0.21.tar.bz2
https://launchpad.net/ihris-manage/4.0/4.0.22/+download/ihris-manage-full-4.0.22.tar.bz2	4d9fa3c7304d54131506c4c73485b39a ihris-manage-full-4.0.22.tar.bz2
https://launchpad.net/ihris-manage/4.0/4.0.22/+download/ihris-manage-4.0.22.tar.bz2	98fc8002a9355b4a110a4309f28116a5 ihris-manage-4.0.22.tar.bz2
https://launchpad.net/ihris-manage/4.0/4.0.23/+download/ihris-manage-4.0.23.tar.bz2	76b5bf8da0aa1a5c30eb64a4ae8421d3 ihris-manage-4.0.23.tar.bz2
https://launchpad.net/ihris-manage/4.0/4.0.3/+download/ihris-manage-4_0_3.tar.bz2	75b08bb8c64e92c9a2f0bd71a41959be ihris-manage-4_0_3.tar.bz2
https://launchpad.net/ihris-manage/4.0/4.0.3/+download/ihris-manage-full-4_0_3.tar.bz2	255a272f7b6d07264775d65c07b32f42 ihris-manage-full-4_0_3.tar.bz2
https://launchpad.net/ihris-manage/4.0/4.0.4/+download/ihris-manage-4_0_4.tar.bz2	a0ab92e1749a5f0d154108f90abf6d64 ihris-manage-4_0_4.tar.bz2
https://launchpad.net/ihris-manage/4.0/4.0.8/+download/ihris-manage-full-4.0.8.tar.bz2	9e8f0827a6781e3b2dd9520505c7683d ihris-manage-full-4.0.8.tar.bz2
https://launchpad.net/ihris-manage/4.0/4.0.4/+download/ihris-manage-full-4_0_4.tar.bz2	9b2f912c93ecf331746d20da72a5ea27 ihris-manage-full-4_0_4.tar.bz2
https://launchpad.net/ihris-manage/4.0/4.0.8/+download/ihris-manage-4.0.8.tar.bz2	c45309707ecca6a39dfc588bda8c76a4 ihris-manage-4.0.8.tar.bz2
https://launchpad.net/ihris-manage/4.0/4.0.6/+download/ihris-manage-4_0_6.tar.bz2	11248a37a1a710d1e9a471d3af8b9a08 ihris-manage-4_0_6.tar.bz2
https://launchpad.net/ihris-manage/4.0/4.0.9/+download/ihris-manage-full-4.0.9.tar.bz2	89b40d2f977dd8570d068130cef290a2 ihris-manage-full-4.0.9.tar.bz2
https://launchpad.net/ihris-manage/4.0/4.0.9/+download/ihris-manage-4.0.9.tar.bz2	fcc3c77c32fabd45aad5242b137bef28 ihris-manage-4.0.9.tar.bz2
https://launchpad.net/ihris-manage/4.1/4.1.0/+download/ihris-manage-4.1.0.tar.bz2	65fdaf372b43348ea2b10185e45e4b3c ihris-manage-4.1.0.tar.bz2
https://launchpad.net/ihris-manage/4.0/4.0.5/+download/ihris-manage-full-4_0_5.tar.bz2	9229f6f9bff63cda11cd0a8dfde72742 ihris-manage-full-4_0_5.tar.bz2
https://launchpad.net/ihris-manage/4.0/4.0.6/+download/ihris-manage-full-4_0_6.tar.bz2	8acb8952a851cf4a4d7c20ad0631a094 ihris-manage-full-4_0_6.tar.bz2
https://launchpad.net/ihris-manage/4.0/4.0.5/+download/ihris-manage-4_0_5.tar.bz2	5d20858ed8b5006eee4390ea94bf210e ihris-manage-4_0_5.tar.bz2
https://launchpad.net/ihris-manage/4.1/4.1.0/+download/ihris-manage-full-4.1.0.tar.bz2	1623303886a997c51b0dbb5ccf43b79c ihris-manage-full-4.1.0.tar.bz2
https://launchpad.net/ihris-manage/4.1/4.1.1/+download/ihris-manage-4.1.1.tar.bz2	a9d15ecc1bb4f954ca74fa626e4692e6 ihris-manage-4.1.1.tar.bz2
https://launchpad.net/ihris-manage/4.1/4.1.10/+download/ihris-manage-4.1.10.tar.bz2	677505aa317e357b3e58b40ee3f27f80 ihris-manage-4.1.10.tar.bz2
https://launchpad.net/ihris-manage/4.0/4.0.23/+download/ihris-manage-full-4.0.23.tar.bz2	182c178bcf4bf2479eed1915fecfa66b ihris-manage-full-4.0.23.tar.bz2
https://launchpad.net/ihris-manage/4.1/4.1.10/+download/ihris-manage-full-4.1.10.tar.bz2	bd2e55eac957a05cc63c138733531a3e ihris-manage-full-4.1.10.tar.bz2
https://launchpad.net/ihris-manage/4.1/4.1.1/+download/ihris-manage-full-4.1.1.tar.bz2	5384f1c7f60404cbe7c82b57d105f045 ihris-manage-full-4.1.1.tar.bz2
https://launchpad.net/ihris-manage/4.1/4.1.12/+download/ihris-manage-full-4.1.12.tar.bz2	7138ea95e7a4ca35ddf7fb4aa60ddbc3 ihris-manage-full-4.1.12.tar.bz2
https://launchpad.net/ihris-manage/4.1/4.1.12/+download/ihris-manage-4.1.12.tar.bz2	8241ff4c1c4845df73b3f9f94f59abe6 ihris-manage-4.1.12.tar.bz2
https://launchpad.net/ihris-manage/4.1/4.1.11/+download/ihris-manage-4.1.11.tar.bz2	e18785ae3bf8b1fd6a69522d03b21c5b ihris-manage-4.1.11.tar.bz2
https://launchpad.net/ihris-manage/4.1/4.1.3/+download/ihris-manage-full-4.1.3.tar.bz2	20b233112dcf4b12993d39565388d046 ihris-manage-full-4.1.3.tar.bz2
https://launchpad.net/ihris-manage/4.1/4.1.5/+download/ihris-manage-4.1.5.tar.bz2	b15506dcc32880b36aaf1aeb24fff3d2 ihris-manage-4.1.5.tar.bz2
https://launchpad.net/ihris-manage/4.1/4.1.4/+download/ihris-manage-full-4.1.4.tar.bz2	05fd8a662c33713b2eaadd1cefa9ba14 ihris-manage-full-4.1.4.tar.bz2
https://launchpad.net/ihris-manage/4.1/4.1.11/+download/ihris-manage-full-4.1.11.tar.bz2	a6dd6f785410cca06288cbc02a96f9ce ihris-manage-full-4.1.11.tar.bz2
https://launchpad.net/ihris-manage/4.1/4.1.2/+download/ihris-manage-4.1.2.tar.bz2	21233b5fb01b8e7ce70aa8589fd86d0e ihris-manage-4.1.2.tar.bz2
https://launchpad.net/ihris-manage/4.1/4.1.2/+download/ihris-manage-full-4.1.2.tar.bz2	72c299cd29423372789c7d8856af848b ihris-manage-full-4.1.2.tar.bz2
https://launchpad.net/ihris-manage/4.1/4.1.5/+download/ihris-manage-full-4.1.5.tar.bz2	993d7bd05adad0b95aefa7d312a32f76 ihris-manage-full-4.1.5.tar.bz2
https://launchpad.net/ihris-manage/4.1/4.1.7/+download/ihris-manage-full-4.1.7.tar.bz2	6eb74afe9318e567c7ae1f5c9169a733 ihris-manage-full-4.1.7.tar.bz2
https://launchpad.net/ihris-manage/4.1/4.1.6/+download/ihris-manage-full-4.1.6.tar.bz2	06be89fb294e682de4cddea7750ddf1b ihris-manage-full-4.1.6.tar.bz2
https://launchpad.net/ihris-manage/4.1/4.1.8/+download/ihris-manage-full-4.1.8.tar.bz2	7cefca480edd586ca8ab7434a1922ebb ihris-manage-full-4.1.8.tar.bz2
https://launchpad.net/ihris-manage/4.1/4.1.9/+download/ihris-manage-full-4.1.9.tar.bz2	58ca15dbd353e0762f63d255290aef20 ihris-manage-full-4.1.9.tar.bz2
https://launchpad.net/ihris-manage/4.1/4.1.9/+download/ihris-manage-4.1.9.tar.bz2	e7e6976e7f0c7e3f510ff35245bb9909 ihris-manage-4.1.9.tar.bz2
https://launchpad.net/ihris-manage/4.2/4.2.1/+download/ihris-manage-full-4.2.1.tar.bz2	9b8cd9a4ec9b0a09136c2f8ee3d3a5bf ihris-manage-full-4.2.1.tar.bz2
https://launchpad.net/ihris-manage/4.2/4.2.1/+download/ihris-manage-4.2.1.tar.bz2	e807608fc928c08e708f39f9a0a2e88f ihris-manage-4.2.1.tar.bz2
https://launchpad.net/ihris-manage/4.3/4.3.2/+download/ihris-manage-4.3.2.tar.bz2	7c937deb4615a796348518356e2485db ihris-manage-4.3.2.tar.bz2
https://launchpad.net/ihris-manage/4.3/4.3.0/+download/ihris-manage-4.3.0.tar.bz2	ff3fc9b053fef37c47f90cc11cfa57c3 ihris-manage-4.3.0.tar.bz2
https://launchpad.net/ihris-manage/4.3/4.3.2/+download/ihris-manage-full-4.3.2.tar.bz2	77557b442c1b2384d5c9293909420e60 ihris-manage-full-4.3.2.tar.bz2
https://launchpad.net/ihris-manage/4.3/4.3.0/+download/ihris-manage-full-4.3.0.tar.bz2	045a305c04752d04a7e6b3e2508f9f94 ihris-manage-full-4.3.0.tar.bz2
https://launchpad.net/ihris-manage/4.3/4.3.3/+download/ihris-manage-full-4.3.3.tar.bz2	4523c0bd96cf23e2108761f1bba17940 ihris-manage-full-4.3.3.tar.bz2
https://launchpad.net/ihris-plan/1.0/1.0.1/+download/README_iHRIS_Plan_1.1.1.txt	eb6785bb950721f7a9ba3f26f046dab4 README_iHRIS_Plan_1.1.1.txt
https://launchpad.net/ihris-manage/4.1/4.1.4/+download/ihris-manage-4.1.4.tar.bz2	dce40bd9db384711bce17051d7a83966 ihris-manage-4.1.4.tar.bz2
https://launchpad.net/ihris-plan/1.0/1.0.0/+download/README_iHRISPlan.txt	426e492bf766c3c9c47fe56c2478ba88 README_iHRISPlan.txt
https://launchpad.net/ihris-plan/1.0/1.0.1/+download/ihris-plan-1_0_1.tar.bz2	302a2b34a76f57a17b94aa0ded065b91 ihris-plan-1_0_1.tar.bz2
https://launchpad.net/ihris-plan/1.0/1.0.0/+download/ihris-plan-full-1_0_0.tar.bz2	3e7a2d85fbc19595f4a94cdd8a3724ea ihris-plan-full-1_0_0.tar.bz2
https://launchpad.net/ihris-plan/1.0/1.0.2/+download/README_iHRIS_Plan_1.0.2.txt	94fbed4dd3346edd437897ce58decb58 README_iHRIS_Plan_1.0.2.txt
https://launchpad.net/ihris-plan/1.0/1.0.2/+download/OfflineIHRIS-3.1.2.exe	ec73d0be1545e3ffb9968961302c6577 OfflineIHRIS-3.1.2.exe
https://launchpad.net/ihris-manage/4.3/4.3.3/+download/ihris-manage-4.3.3.tar.bz2	dd38eb17f22c46f4dbaf1c0bd751fdb4 ihris-manage-4.3.3.tar.bz2
https://launchpad.net/ihris-plan/1.0/1.0.1/+download/ihris-plan-full-1_0_1.tar.bz2	dc42e3e8640308627a1294394bccf1f0 ihris-plan-full-1_0_1.tar.bz2
https://launchpad.net/ihris-plan/1.0/1.0.0/+download/ihris-plan-1_0_0.tar.bz2	617124e07a333db7d05c8918d88a260d ihris-plan-1_0_0.tar.bz2
https://launchpad.net/ihris-plan/1.0/1.0.2/+download/ihris-plan-1_0_2.tar.bz2	9a63d715cb97bdf70837a00c4e8571b0 ihris-plan-1_0_2.tar.bz2
https://launchpad.net/ihris-plan/1.0/1.0.3/+download/README_iHRIS_Plan_1.0.3.txt	62c98605c36a15d9a60cb4a2c96fed79 README_iHRIS_Plan_1.0.3.txt
https://launchpad.net/ihris-plan/1.0/1.0.2/+download/ihris-plan-full-1_0_2.tar.bz2	2d2f7679e1a4260b86a6b642a19535d4 ihris-plan-full-1_0_2.tar.bz2
https://launchpad.net/ihris-plan/1.0/1.0.3/+download/ihris-plan-full-1_0_3.tar.bz2	2bb3af0a0af4c72c29dd42a34aa21572 ihris-plan-full-1_0_3.tar.bz2
https://launchpad.net/ihris-plan/1.0/1.0.3/+download/ihris-plan-1_0_3.tar.bz2	43ddd8bc22386c142504924cca93d5b0 ihris-plan-1_0_3.tar.bz2
https://launchpad.net/ihris-plan/1.0/1.0.4/+download/README_v1.0.4.txt	dc1a6cffd3e70b765bb2f846cf0a0797 README_v1.0.4.txt
https://launchpad.net/ihris-plan/1.0/1.0.4/+download/ihris-plan-1_0_4.tar.bz2	c72989d2969a86fe53e467024dd89da1 ihris-plan-1_0_4.tar.bz2
https://launchpad.net/ihris-plan/1.0/1.0.4/+download/ihris-plan-full-1_0_4.tar.bz2	27e8bfa2196b7cb4fa9703fc691a6ab9 ihris-plan-full-1_0_4.tar.bz2
https://launchpad.net/ihris-manage/4.1/4.1.3/+download/ihris-manage-4.1.3.tar.bz2	512295d92b09713666b00d7f15e3836f ihris-manage-4.1.3.tar.bz2
https://launchpad.net/ihris-qualify/3.1/3.1.0/+download/README_iHRISfull.txt	780da76e923545f63ba3ab80579faf87 README_iHRISfull.txt
https://launchpad.net/ihris-qualify/3.0/3.0.0/+download/ihris-qualify-3_0_0.tar.bz2	8c8817e91de49e9bde2c5a0d5f542c46 ihris-qualify-3_0_0.tar.bz2
https://launchpad.net/ihris-qualify/3.0/3.0.0/+download/ihris-qualify-full-3_0_0.tar.bz2	79d1e02ca6bf5281c97d865b695dcb11 ihris-qualify-full-3_0_0.tar.bz2
https://launchpad.net/ihris-qualify/3.0/3.0.0/+download/ihris-qualify-3_0_0a.tar.bz2	0f1e5535bac690e86e3a8119e4752a6a ihris-qualify-3_0_0a.tar.bz2
https://launchpad.net/ihris-qualify/3.1/3.1.1/+download/README_iHRIS_Suite_3.1.1.txt	b525605c35702597547eeace14d2f543 README_iHRIS_Suite_3.1.1.txt
https://launchpad.net/ihris-qualify/3.0/3.0.0/+download/ihris-qualify-full-3_0_0a.tar.bz2	7251abf2770dd9cd992cb0f365ef7947 ihris-qualify-full-3_0_0a.tar.bz2
https://launchpad.net/ihris-qualify/3.1/3.1.1/+download/ihris-qualify-full-3_1_1.tar.bz2	ed41b8022c1ffdedbd5a588578ec701f ihris-qualify-full-3_1_1.tar.bz2
https://launchpad.net/ihris-qualify/3.1/3.1.0/+download/ihris-qualify-3_1_0.tar.bz2	ea42ace53d1713d8b9213878ae3b0f91 ihris-qualify-3_1_0.tar.bz2
https://launchpad.net/ihris-qualify/3.1/3.1.1/+download/ihris-qualify-3_1_1.tar.bz2	24d7d21ccd7efbbde26bb981439e886e ihris-qualify-3_1_1.tar.bz2
https://launchpad.net/ihris-qualify/3.1/3.1.0/+download/ihris-qualify-full-3_1_0.tar.bz2	ad99437c4676caa8c38dbb9b6a8c339f ihris-qualify-full-3_1_0.tar.bz2
https://launchpad.net/ihris-qualify/3.1/3.1.2/+download/README_iHRIS_Suite_3.1.2.txt	f59ae37f07e6f6ed6efea3bebd23ec96 README_iHRIS_Suite_3.1.2.txt
https://launchpad.net/ihris-qualify/3.1/3.1.2/+download/OfflineIHRIS-3.1.2.exe	ec73d0be1545e3ffb9968961302c6577 OfflineIHRIS-3.1.2.exe
https://launchpad.net/ihris-qualify/3.1/3.1.2/+download/ihris-qualify-3_1_2.tar.bz2	12f23dbfded46958c5741a3c6b159389 ihris-qualify-3_1_2.tar.bz2
https://launchpad.net/ihris-qualify/3.1/3.1.2/+download/ihris-qualify-full-3_1_2.tar.bz2	0efb26edb11d86d0318a42f095808c4d ihris-qualify-full-3_1_2.tar.bz2
https://launchpad.net/ihris-qualify/3.1/3.1.3/+download/Readme_v3.1.3.txt	7314fcd3fae753e50fdd19c3044f471e Readme_v3.1.3.txt
https://launchpad.net/ihris-qualify/3.1/3.1.3/+download/ihris-qualify-3_1_3.tar.bz2	475f98d255cd12c44c4654029d271dde ihris-qualify-3_1_3.tar.bz2
https://launchpad.net/ihris-qualify/3.1/3.1.3/+download/ihris-qualify-full-3_1_3.tar.bz2	b5f51e09850fda7e86e3b766d7c6d926 ihris-qualify-full-3_1_3.tar.bz2
https://launchpad.net/ihris-qualify/3.1/3.1.4/+download/README_v3.1.4.txt	fb670a0c3a258d61e88f6ed4c1b2842c README_v3.1.4.txt
https://launchpad.net/ihris-qualify/3.1/3.1.4/+download/ihris-qualify-3_1_4.tar.bz2	1f448c4260c359074d991d9884cce46b ihris-qualify-3_1_4.tar.bz2
https://launchpad.net/ihris-qualify/3.1/3.1.4/+download/ihris-qualify-full-3_1_4.tar.bz2	6e26454f5111fa5f171e0810d4dc8c7a ihris-qualify-full-3_1_4.tar.bz2
https://launchpad.net/ihris-qualify/4.0/4.0.1/+download/ihris-qualify-4_0_1.tar.bz2	e294415c6e6b83479216a3f3ea038f1a ihris-qualify-4_0_1.tar.bz2
https://launchpad.net/ihris-qualify/4.0/4.0.10/+download/ihris-qualify-4.0.10.tar.bz2	806d38862c049df016c12c07476488d9 ihris-qualify-4.0.10.tar.bz2
https://launchpad.net/ihris-qualify/4.0/4.0.10/+download/ihris-qualify-full-4.0.10.tar.bz2	bc5ab9f57b16458f5406a118d4601026 ihris-qualify-full-4.0.10.tar.bz2
https://launchpad.net/ihris-qualify/4.0/4.0.11/+download/ihris-qualify-full-4.0.11.tar.bz2	93759adcc26d513574cc11e916486c97 ihris-qualify-full-4.0.11.tar.bz2
https://launchpad.net/ihris-qualify/4.0/4.0.1/+download/ihris-qualify-full-4_0_1.tar.bz2	3ead0a1f478ed37faa7e5d764172f40a ihris-qualify-full-4_0_1.tar.bz2
https://launchpad.net/ihris-qualify/4.0/4.0.12/+download/ihris-qualify-4.0.12.tar.bz2	6ebcf4b70d7f454d5d2ae579c49f14e4 ihris-qualify-4.0.12.tar.bz2
https://launchpad.net/ihris-qualify/4.0/4.0.14/+download/ihris-qualify-4.0.14.tar.bz2	887a7ba6a4b0c351ee23574b71eaa382 ihris-qualify-4.0.14.tar.bz2
https://launchpad.net/ihris-qualify/4.0/4.0.14/+download/ihris-qualify-full-4.0.14.tar.bz2	6d39e4a5523487836947def3aaf51c59 ihris-qualify-full-4.0.14.tar.bz2
https://launchpad.net/ihris-qualify/4.0/4.0.12/+download/ihris-qualify-full-4.0.12.tar.bz2	d656b49de51ecba9ddc71b462e0d83f2 ihris-qualify-full-4.0.12.tar.bz2
https://launchpad.net/ihris-qualify/4.0/4.0.15/+download/ihris-qualify-4.0.15.tar.bz2	4dc8850ada6f7eb2dc58a55474e29d9e ihris-qualify-4.0.15.tar.bz2
https://launchpad.net/ihris-qualify/4.0/4.0.16/+download/ihris-qualify-4.0.16.tar.bz2	0f424c38227a9c831fbc93268a0695ac ihris-qualify-4.0.16.tar.bz2
https://launchpad.net/ihris-qualify/4.0/4.0.16/+download/ihris-qualify-full-4.0.16.tar.bz2	3b26fdc8210c9ceaa19d9c3a627917f6 ihris-qualify-full-4.0.16.tar.bz2
https://launchpad.net/ihris-qualify/4.0/4.0.11/+download/ihris-qualify-4.0.11.tar.bz2	b4310f64bc1e7ab8a59bce1aa580215e ihris-qualify-4.0.11.tar.bz2
https://launchpad.net/ihris-qualify/4.0/4.0.17/+download/ihris-qualify-full-4.0.17.tar.bz2	29856463d20b057ffcebb12bddcf1844 ihris-qualify-full-4.0.17.tar.bz2
https://launchpad.net/ihris-qualify/4.0/4.0.18/+download/ihris-qualify-4.0.18.tar.bz2	7b92b8832934df5b7c7434d08ce76410 ihris-qualify-4.0.18.tar.bz2
https://launchpad.net/ihris-qualify/4.0/4.0.15/+download/ihris-qualify-full-4.0.15.tar.bz2	aa2c71c13e07dba77fe0aae55f044384 ihris-qualify-full-4.0.15.tar.bz2
https://launchpad.net/ihris-qualify/4.0/4.0.19/+download/ihris-qualify-4.0.19.tar.bz2	56c5d43a1563fd14e107249d66387005 ihris-qualify-4.0.19.tar.bz2
https://launchpad.net/ihris-qualify/4.0/4.0.19/+download/ihris-qualify-full-4.0.19.tar.bz2	9a251a771474095f6e3c1d5cac1bc574 ihris-qualify-full-4.0.19.tar.bz2
https://launchpad.net/ihris-qualify/4.0/4.0.2/+download/ihris-qualify-4_0_2.tar.bz2	995f45bbf0ad5f966f72b5b3191acd3e ihris-qualify-4_0_2.tar.bz2
https://launchpad.net/ihris-qualify/4.0/4.0.2/+download/ihris-qualify-full-4_0_2.tar.bz2	cf2da7cad7f97f826ec4f92e938c376a ihris-qualify-full-4_0_2.tar.bz2
https://launchpad.net/ihris-qualify/4.0/4.0.18/+download/ihris-qualify-full-4.0.18.tar.bz2	0b40db6dbcadbdda0d6b7dbaf93345d5 ihris-qualify-full-4.0.18.tar.bz2
https://launchpad.net/ihris-qualify/4.0/4.0.21/+download/ihris-qualify-4.0.21.tar.bz2	1c1bb9a4dff1f8c7c3b0838c5cd20386 ihris-qualify-4.0.21.tar.bz2
https://launchpad.net/ihris-qualify/4.0/4.0.21/+download/ihris-qualify-full-4.0.21.tar.bz2	0813f3bfb5c91c32efbc1861d6a3b139 ihris-qualify-full-4.0.21.tar.bz2
https://launchpad.net/ihris-qualify/4.0/4.0.22/+download/ihris-qualify-full-4.0.22.tar.bz2	13d67cce79d2f9cca8c102fa763e526b ihris-qualify-full-4.0.22.tar.bz2
https://launchpad.net/ihris-qualify/4.0/4.0.22/+download/ihris-qualify-4.0.22.tar.bz2	f7e38f7eed92f68246138de654c347b2 ihris-qualify-4.0.22.tar.bz2
https://launchpad.net/ihris-qualify/4.0/4.0.3/+download/ihris-qualify-4_0_3.tar.bz2	e7deaee7db58f140baaf5b9fcc469c3d ihris-qualify-4_0_3.tar.bz2
https://launchpad.net/ihris-qualify/4.0/4.0.3/+download/ihris-qualify-full-4_0_3.tar.bz2	6453fe3ceed88e9864421f12b6b784ac ihris-qualify-full-4_0_3.tar.bz2
https://launchpad.net/ihris-qualify/4.0/4.0.4/+download/ihris-qualify-4_0_4.tar.bz2	b6ef1495585e4a9026dbb8960bfff5a0 ihris-qualify-4_0_4.tar.bz2
https://launchpad.net/ihris-qualify/4.0/4.0.4/+download/ihris-qualify-full-4_0_4.tar.bz2	8fbc6923717db7f7c778844f601edf64 ihris-qualify-full-4_0_4.tar.bz2
https://launchpad.net/ihris-qualify/4.0/4.0.5/+download/ihris-qualify-4_0_5.tar.bz2	ea2939fdc680e182d10557ef8b554aab ihris-qualify-4_0_5.tar.bz2
https://launchpad.net/ihris-qualify/4.0/4.0.5/+download/ihris-qualify-full-4_0_5.tar.bz2	b23e0f8aad22a8d55a4ed947cadd0480 ihris-qualify-full-4_0_5.tar.bz2
https://launchpad.net/ihris-qualify/4.0/4.0.6/+download/ihris-qualify-full-4_0_6.tar.bz2	8f9a5591bfc074fb3e1a092fc3dadb96 ihris-qualify-full-4_0_6.tar.bz2
https://launchpad.net/ihris-qualify/4.0/4.0.8/+download/ihris-qualify-4.0.8.tar.bz2	181b5355b637938117611330b89e7638 ihris-qualify-4.0.8.tar.bz2
https://launchpad.net/ihris-qualify/4.0/4.0.17/+download/ihris-qualify-4.0.17.tar.bz2	3e31678bc2e58b55f7a58ba65a7b9705 ihris-qualify-4.0.17.tar.bz2
https://launchpad.net/ihris-qualify/4.0/4.0.8/+download/ihris-qualify-full-4.0.8.tar.bz2	767f0f4cf3b5e1fbb8c7c4be27277d1d ihris-qualify-full-4.0.8.tar.bz2
https://launchpad.net/ihris-qualify/4.0/4.0.9/+download/ihris-qualify-full-4.0.9.tar.bz2	7d89f0772646876fd7e601e2004fd085 ihris-qualify-full-4.0.9.tar.bz2
https://launchpad.net/ihris-qualify/4.0/4.0.9/+download/ihris-qualify-4.0.9.tar.bz2	12cd5c3f5cbd62522d785d13d9333eb1 ihris-qualify-4.0.9.tar.bz2
https://launchpad.net/ihris-qualify/4.1/4.1.0/+download/ihris-qualify-4.1.0.tar.bz2	c2f222860f9937ac483670016905d1ea ihris-qualify-4.1.0.tar.bz2
https://launchpad.net/ihris-qualify/4.1/4.1.1/+download/ihris-qualify-full-4.1.1.tar.bz2	f45a06261ee73ee72681bfb05fda4a3f ihris-qualify-full-4.1.1.tar.bz2
https://launchpad.net/ihris-qualify/4.1/4.1.1/+download/ihris-qualify-4.1.1.tar.bz2	aeb424c8c3d0bc3ec2f04f13715ff866 ihris-qualify-4.1.1.tar.bz2
https://launchpad.net/ihris-qualify/4.1/4.1.10/+download/ihris-qualify-4.1.10.tar.bz2	cbeb5a98c772f805455c6afbe3f52037 ihris-qualify-4.1.10.tar.bz2
https://launchpad.net/ihris-qualify/4.1/4.1.0/+download/ihris-qualify-full-4.1.0.tar.bz2	57b9eaac2b09d640f183fb180f1ed0c2 ihris-qualify-full-4.1.0.tar.bz2
https://launchpad.net/ihris-qualify/4.1/4.1.11/+download/ihris-qualify-4.1.11.tar.bz2	fe057d0f0e3c8cf2909c75d270c5a42a ihris-qualify-4.1.11.tar.bz2
https://launchpad.net/ihris-qualify/4.1/4.1.11/+download/ihris-qualify-full-4.1.11.tar.bz2	a8879e8143d5da52a7da4fb3306486dd ihris-qualify-full-4.1.11.tar.bz2
https://launchpad.net/ihris-qualify/4.1/4.1.12/+download/ihris-qualify-4.1.12.tar.bz2	52d5619f4d087432ea9dcf82601d9858 ihris-qualify-4.1.12.tar.bz2
https://launchpad.net/ihris-qualify/4.1/4.1.2/+download/ihris-qualify-full-4.1.2.tar.bz2	2a4db2d845955839a318f25e6258a682 ihris-qualify-full-4.1.2.tar.bz2
https://launchpad.net/ihris-qualify/4.1/4.1.10/+download/ihris-qualify-full-4.1.10.tar.bz2	195f61c70b8fda02c0b2e56ee275cfe1 ihris-qualify-full-4.1.10.tar.bz2
https://launchpad.net/ihris-qualify/4.1/4.1.2/+download/ihris-qualify-4.1.2.tar.bz2	9ee7bcc101ba5696d322d0461c9cc646 ihris-qualify-4.1.2.tar.bz2
https://launchpad.net/ihris-qualify/4.1/4.1.12/+download/ihris-qualify-full-4.1.12.tar.bz2	c6c80671547c3ba0669065513eb5a809 ihris-qualify-full-4.1.12.tar.bz2
https://launchpad.net/ihris-qualify/4.0/4.0.6/+download/ihris-qualify-4_0_6.tar.bz2	8bd84e18ed153504404e511cffd01b96 ihris-qualify-4_0_6.tar.bz2
https://launchpad.net/ihris-qualify/4.1/4.1.3/+download/ihris-qualify-full-4.1.3.tar.bz2	81fbc4543e87fb374a3d2f2b5676d98e ihris-qualify-full-4.1.3.tar.bz2
https://launchpad.net/ihris-qualify/4.1/4.1.3/+download/ihris-qualify-4.1.3.tar.bz2	c5324cdbb3838adeb5de92dd94bc46d9 ihris-qualify-4.1.3.tar.bz2
https://launchpad.net/ihris-qualify/4.1/4.1.4/+download/ihris-qualify-4.1.4.tar.bz2	9ea7bdb20fbac40e887ad03fbea7e585 ihris-qualify-4.1.4.tar.bz2
https://launchpad.net/ihris-qualify/4.1/4.1.4/+download/ihris-qualify-full-4.1.4.tar.bz2	fa24b9dba1f9e5859633b6ec537c6c7f ihris-qualify-full-4.1.4.tar.bz2
https://launchpad.net/ihris-qualify/4.1/4.1.6/+download/ihris-qualify-full-4.1.6.tar.bz2	65e7b2665461f8137f2097ee518b4790 ihris-qualify-full-4.1.6.tar.bz2
https://launchpad.net/ihris-qualify/4.1/4.1.5/+download/ihris-qualify-full-4.1.5.tar.bz2	2054d89ec879cf44c3a001b20572d374 ihris-qualify-full-4.1.5.tar.bz2
https://launchpad.net/ihris-qualify/4.1/4.1.7/+download/ihris-qualify-4.1.7.tar.bz2	d1abcc3529ab34a04633f6d386fe97b0 ihris-qualify-4.1.7.tar.bz2
https://launchpad.net/ihris-qualify/4.2/4.2.1/+download/ihris-qualify-4.2.1.tar.bz2	809ee60f9b320768f82a91644b338f3e ihris-qualify-4.2.1.tar.bz2
https://launchpad.net/ihris-qualify/4.1/4.1.8/+download/ihris-qualify-full-4.1.8.tar.bz2	36bc552ea3d3db61f7763c166c526a5a ihris-qualify-full-4.1.8.tar.bz2
https://launchpad.net/ihris-qualify/4.2/4.2.1/+download/ihris-qualify-full-4.2.1.tar.bz2	dd25295af60a4b286c68d371e0767410 ihris-qualify-full-4.2.1.tar.bz2
https://launchpad.net/ihris-qualify/4.3/4.3.0/+download/ihris-qualify-4.3.0.tar.bz2	a2d09f16472a140fb7620bc2def5e805 ihris-qualify-4.3.0.tar.bz2
https://launchpad.net/ihris-qualify/4.3/4.3.2/+download/ihris-qualify-4.3.2.tar.bz2	7a6dca605b402befe0cb17ca9d81d451 ihris-qualify-4.3.2.tar.bz2
https://launchpad.net/ihris-qualify/4.3/4.3.2/+download/ihris-qualify-full-4.3.2.tar.bz2	d908ada0b01d2d3d5dcdc04f718b9449 ihris-qualify-full-4.3.2.tar.bz2
https://launchpad.net/ihris-qualify/4.1/4.1.9/+download/ihris-qualify-4.1.9.tar.bz2	2ea0d8f7c8ae692c9c305af7bc865881 ihris-qualify-4.1.9.tar.bz2
https://launchpad.net/ihris-qualify/4.3/4.3.3/+download/ihris-qualify-4.3.3.tar.bz2	1cad61cd881142ba04636febeeea2d73 ihris-qualify-4.3.3.tar.bz2
https://launchpad.net/ihris-qualify/4.1/4.1.9/+download/ihris-qualify-full-4.1.9.tar.bz2	502b1eb334f30de09f4941502f126c29 ihris-qualify-full-4.1.9.tar.bz2
https://launchpad.net/ihris-qualify/4.3/4.3.0/+download/ihris-qualify-full-4.3.0.tar.bz2	cdb11dffe705c7e9c632cce7f2879200 ihris-qualify-full-4.3.0.tar.bz2
https://launchpad.net/ihris-qualify/4.3/4.3.3/+download/ihris-qualify-full-4.3.3.tar.bz2	49be39ec7f315311cbd97aac8e95e59f ihris-qualify-full-4.3.3.tar.bz2
